S_No,sentence_id,language,Sentence,model_answer,model,response_id,finish_reason
1,B.dev.gold.bea19:000949,Malayalam,"However, they still being ordinary people, they make mistakes.","However, they are still just ordinary people who make mistakes.",qwen3.5:4b,2026-09-25T14:44:53.7760438Z,stop
2,B.dev.gold.bea19:000173,Malayalam,"If the partially damaged sheets are bad, they will be treated as bad sheets, which will be securely distoryed.","If the partially damaged sheets are defective, they will be classified as defective and securely destroyed.",qwen3.5:4b,2026-09-25T14:45:00.4290648Z,stop
3,B.dev.gold.bea19:000405,Malayalam,What a lovely weather today!,What lovely weather it is today!,qwen3.5:4b,2026-09-25T14:45:03.9909144Z,stop
4,B.dev.gold.bea19:000733,Malayalam,"Regarding advertisement, technology is having a huge, and not always possitive impact on outdoor advertisement.","Regarding advertisements, technology has had a huge, and not always positive, impact on outdoor advertising.",qwen3.5:4b,2026-09-25T14:45:10.0213042Z,stop
5,B.dev.gold.bea19:000856,Malayalam,"Furthermore, books develops imagination of reader.","Furthermore, books develop the reader's imagination.",qwen3.5:4b,2026-09-25T14:45:13.9703152Z,stop
6,B.dev.gold.bea19:000948,Malayalam,Famous people are obligated to provide their life in exemplary way.,Famous people are expected to live an exemplary life.,qwen3.5:4b,2026-09-25T14:45:18.5066521Z,stop
7,B.dev.gold.bea19:001271,Malayalam,Who would have even bothered to pay me a visit during this bloody awful weather?,Who would have even bothered to pay me a visit in this terrible weather?,qwen3.5:4b,2026-09-25T14:45:23.9798425Z,stop
8,B.dev.gold.bea19:000741,German,"But, technology is hre for best or worst, and we have to learn to deal with it the best we can.","But technology is here for better or worse, and we have to learn to deal with it as well as we can.",qwen3.5:4b,2026-09-25T14:45:31.1775103Z,stop
9,B.dev.gold.bea19:001013,Unknown,The Guardian is a British daily newspaper which includes national and international news.,The Guardian is a British daily newspaper that covers national and international news.,qwen3.5:4b,2026-09-25T14:45:36.7871966Z,stop
10,B.dev.gold.bea19:000949,German,"However, they still being ordinary people, they make mistakes.","However, they are still just ordinary people who make mistakes.",qwen3.5:4b,2026-09-25T14:45:41.9487926Z,stop
11,B.dev.gold.bea19:000216,Arabic,"Second, the teachers were really good skills to teach.","Second, the teachers had really good teaching skills.",qwen3.5:4b,2026-09-25T14:45:46.3458018Z,stop
12,B.dev.gold.bea19:001107,Malayalam,"Is there any future to public transport, for travelling by car is much more convenient?","Is there a future for public transport, since traveling by car is much more convenient?",qwen3.5:4b,2026-09-25T14:45:52.1782051Z,stop
13,B.dev.gold.bea19:000436,Malayalam,"As far as I'm concerned, public transportation is the best transport media for environmental care.","As far as I'm concerned, public transportation is the best mode of transport for environmental protection.",qwen3.5:4b,2026-09-25T14:45:58.373183Z,stop
14,B.dev.gold.bea19:000690,Arabic,What an unfoggetable day!,What an unforgettable day!,qwen3.5:4b,2026-09-25T14:46:01.8936066Z,stop
15,B.dev.gold.bea19:000173,Unknown,"If the partially damaged sheets are bad, they will be treated as bad sheets, which will be securely distoryed.","If the partially damaged sheets are bad, they will be treated as defective sheets and securely destroyed.",qwen3.5:4b,2026-09-25T14:46:08.3556842Z,stop
16,B.dev.gold.bea19:000165,German,Peple should decide the background colour and thw artwork while they have to consider the security issues.,People should decide the background color and the artwork while they have to consider the security issues.,qwen3.5:4b,2026-09-25T14:46:14.4783849Z,stop
17,B.dev.gold.bea19:001148,Malayalam,My curiosity had put me into a big trouble.,My curiosity got me into big trouble.,qwen3.5:4b,2026-09-25T14:46:18.4890679Z,stop
18,B.dev.gold.bea19:000619,Unknown,"Cycling to school, to work or to do any other activity it is not a common habit in Spain.","Cycling to school, to work, or for any other activity is not a common habit in Spain.",qwen3.5:4b,2026-09-25T14:46:25.2755936Z,stop
19,B.dev.gold.bea19:000020,Arabic,There are a lot of products which have to be announced and a lot of messages to report to people.,There are many products that need to be announced and many messages to report to people.,qwen3.5:4b,2026-09-25T14:46:31.1713062Z,stop
20,B.dev.gold.bea19:000701,Arabic,Swimming is my favourite sport.,Swimming is my favorite sport.,qwen3.5:4b,2026-09-25T14:46:34.8701073Z,stop
21,B.dev.gold.bea19:001036,Unknown,"In conclusion, I want to say that that we should keep abreast of new technologies and try to make our lives easier","In conclusion, I want to say that we should keep abreast of new technologies and try to make our lives easier.",qwen3.5:4b,2026-09-25T14:46:42.4154337Z,stop
22,B.dev.gold.bea19:000877,German,So she took a deep breath and put her doll in the attic just like her childhood memories.,"So she took a deep breath and put her doll in the attic, just as in her childhood memories.",qwen3.5:4b,2026-09-25T14:46:48.9330416Z,stop
23,B.dev.gold.bea19:000821,Arabic,"Firstly, we can discuss type of food we want to eat.","Firstly, we can discuss the types of food we want to eat.",qwen3.5:4b,2026-09-25T14:46:54.2609557Z,stop
24,B.dev.gold.bea19:000619,Arabic,"Cycling to school, to work or to do any other activity it is not a common habit in Spain.","Cycling to school, to work, or for any other activity is not a common habit in Spain.",qwen3.5:4b,2026-09-25T14:47:00.9687243Z,stop
25,B.dev.gold.bea19:001165,Malayalam,"That is a good quality of mine, I learn thing very fast and I also can get used to new thing.",That is a good quality of mine; I learn things very fast and I can also get used to new things.,qwen3.5:4b,2026-09-25T14:47:08.3104134Z,stop
26,B.dev.gold.bea19:000032,Arabic,I really like to explore nature during summer too.,I really like to explore nature in the summer too.,qwen3.5:4b,2026-09-25T14:47:13.2039569Z,stop
27,B.dev.gold.bea19:000733,German,"Regarding advertisement, technology is having a huge, and not always possitive impact on outdoor advertisement.","Regarding advertisements, technology is having a huge, and not always positive, impact on outdoor advertising.",qwen3.5:4b,2026-09-25T14:47:19.4580207Z,stop
28,B.dev.gold.bea19:001013,German,The Guardian is a British daily newspaper which includes national and international news.,The Guardian is a British daily newspaper that covers national and international news.,qwen3.5:4b,2026-09-25T14:47:24.5989087Z,stop
29,B.dev.gold.bea19:000187,Arabic,We want a happy Earth.,We want a happy Earth.,qwen3.5:4b,2026-09-25T14:47:28.1445696Z,stop
30,B.dev.gold.bea19:000645,Unknown,"For a passenger, however, travelling is a complete relax.","For a passenger, however, traveling is a complete relaxation.",qwen3.5:4b,2026-09-25T14:47:32.9904154Z,stop
31,B.dev.gold.bea19:000712,Arabic,In the concert time all people can enjoy but nobody think about how they are preparing to concert.,"At the concert, everyone can enjoy it, but no one thinks about how they are preparing for it.",qwen3.5:4b,2026-09-25T14:47:39.6272399Z,stop
32,B.dev.gold.bea19:000636,Malayalam,"As we all know, the more public transport passengers use, the less car exhausts are emitted per person.","As we all know, the more public transport passengers use, the less car exhaust is emitted per person.",qwen3.5:4b,2026-09-25T14:47:46.2494165Z,stop
33,B.dev.gold.bea19:000101,Malayalam,"If you tried all the activities, you would spend a great time here, in Castelldefels!","If you tried all the activities, you would have a great time here in Castelldefels!",qwen3.5:4b,2026-09-25T14:47:52.5388045Z,stop
34,B.dev.gold.bea19:000063,Malayalam,He said he was drunk and didn't know what he was saying.,He said he was drunk and didn't know what he was saying.,qwen3.5:4b,2026-09-25T14:47:57.7211627Z,stop
35,B.dev.gold.bea19:000709,German,I enjoyed helping at the concert which was in Antaya on October.,"I enjoyed helping at the concert, which was in Antalya on October.",qwen3.5:4b,2026-09-25T14:48:02.8939567Z,stop
36,B.dev.gold.bea19:000136,Unknown,"Finally, learning another language gives the learner the ability to step inside the mind and context of that other culture.","Finally, learning another language gives the learner the ability to step into the mind and context of that other culture.",qwen3.5:4b,2026-09-25T14:48:09.7875417Z,stop
37,B.dev.gold.bea19:001001,German,However there are brilliant games for children.,"However, there are brilliant games for children.",qwen3.5:4b,2026-09-25T14:48:13.9280036Z,stop
38,B.dev.gold.bea19:000567,Unknown,"From newspapers, magazines, even foreign medium, we can easily figure out that our environment is changing severely.","From newspapers, magazines, and even foreign media, we can easily figure out that our environment is changing severely.",qwen3.5:4b,2026-09-25T14:48:20.7835136Z,stop
39,B.dev.gold.bea19:000187,Malayalam,We want a happy Earth.,We want a happy Earth.,qwen3.5:4b,2026-09-25T14:48:24.3135826Z,stop
40,B.dev.gold.bea19:000967,Malayalam,We are living in a ever changing world.,We live in an ever-changing world.,qwen3.5:4b,2026-09-25T14:48:28.3771221Z,stop
41,B.dev.gold.bea19:000990,Arabic,I've worked as social trainer and as educators since I was 16.,I've worked as a social trainer and an educator since I was 16.,qwen3.5:4b,2026-09-25T14:48:34.363776Z,stop
42,B.dev.gold.bea19:000405,Arabic,What a lovely weather today!,What lovely weather it is today!,qwen3.5:4b,2026-09-25T14:48:38.1595626Z,stop
43,B.dev.gold.bea19:000232,Arabic,It reveals that our feelings cross the boundaries of all cultures and we are connected to each other.,It reveals that our feelings transcend cultural boundaries and connect us all.,qwen3.5:4b,2026-09-25T14:48:43.3794645Z,stop
44,B.dev.gold.bea19:000436,Arabic,"As far as I'm concerned, public transportation is the best transport media for environmental care.","As far as I'm concerned, public transportation is the best mode of transport for environmental protection.",qwen3.5:4b,2026-09-25T14:48:49.8188312Z,stop
45,B.dev.gold.bea19:000374,Arabic,Mostly Facebook users expect their friend to respond or pay attention on what they are doing.,"Mostly, Facebook users expect their friends to respond or pay attention to what they are doing.",qwen3.5:4b,2026-09-25T14:48:56.1355652Z,stop
46,B.dev.gold.bea19:000517,Arabic,Television is an important part of modern culture.,Television is an important part of modern culture.,qwen3.5:4b,2026-09-25T14:49:00.7779677Z,stop
47,B.dev.gold.bea19:001001,Unknown,However there are brilliant games for children.,"However, there are brilliant games for children.",qwen3.5:4b,2026-09-25T14:49:05.2783028Z,stop
48,B.dev.gold.bea19:000062,Malayalam,He followed and apoligized her.,He apologized to her.,qwen3.5:4b,2026-09-25T14:49:08.9177038Z,stop
49,B.dev.gold.bea19:001038,German,"This day was full of joy and happiness, but something went wrong after when she told him that she is pregnant.","This day was full of joy and happiness, but something went wrong after she told him that she was pregnant.",qwen3.5:4b,2026-09-25T14:49:16.0047382Z,stop
50,B.dev.gold.bea19:000705,Arabic,"Swimming has different types; dolphin, crawl, backstroke and breast stroke.","Swimming has different styles: the dolphin, crawl, backstroke, and breaststroke.",qwen3.5:4b,2026-09-25T14:49:22.2050836Z,stop
51,B.dev.gold.bea19:000619,German,"Cycling to school, to work or to do any other activity it is not a common habit in Spain.","Cycling to school, to work, or for any other activity is not a common habit in Spain.",qwen3.5:4b,2026-09-25T14:49:29.2706603Z,stop
52,B.dev.gold.bea19:000254,German,"Although I am a young girl, I think I am a quialified person for the post.","Although I am a young girl, I think I am a qualified person for the post.",qwen3.5:4b,2026-09-25T14:49:35.542729Z,stop
53,B.dev.gold.bea19:001038,Malayalam,"This day was full of joy and happiness, but something went wrong after when she told him that she is pregnant.","This day was full of joy and happiness, but something went wrong after she told him that she was pregnant.",qwen3.5:4b,2026-09-25T14:49:42.6899832Z,stop
54,B.dev.gold.bea19:000107,Unknown,"Well, the airport is located just outside Reus, it's small but it has a lot of servicies and transport.","Well, the airport is located just outside Reus; it's small but it has many services and transport options.",qwen3.5:4b,2026-09-25T14:49:50.3053382Z,stop
55,B.dev.gold.bea19:000636,German,"As we all know, the more public transport passengers use, the less car exhausts are emitted per person.","As we all know, the more public transport passengers use, the less car exhaust is emitted per person.",qwen3.5:4b,2026-09-25T14:49:57.2527219Z,stop
56,B.dev.gold.bea19:000511,Unknown,"Priority seats, are preserved to those who need, not only elders but also some adult need it.","Priority seats are reserved for those who need them, not only the elderly but also some adults.",qwen3.5:4b,2026-09-25T14:50:03.8280234Z,stop
57,B.dev.gold.bea19:000709,Unknown,I enjoyed helping at the concert which was in Antaya on October.,"I enjoyed helping at the concert, which was in Antalya on October.",qwen3.5:4b,2026-09-25T14:50:09.6968694Z,stop
58,B.dev.gold.bea19:000101,German,"If you tried all the activities, you would spend a great time here, in Castelldefels!","If you tried all the activities, you would have a great time here, in Castelldefels!",qwen3.5:4b,2026-09-25T14:50:16.5018459Z,stop
59,B.dev.gold.bea19:000619,Malayalam,"Cycling to school, to work or to do any other activity it is not a common habit in Spain.","Cycling to school, to work, or for any other activity is not a common habit in Spain.",qwen3.5:4b,2026-09-25T14:50:23.6727921Z,stop
60,B.dev.gold.bea19:000993,Malayalam,I had a very great memories of these experiences and I would really like to live them again.,I had very great memories of these experiences and I would really like to relive them again.,qwen3.5:4b,2026-09-25T14:50:30.1878104Z,stop
61,B.dev.gold.bea19:000226,Arabic,I am keen on cinema thus I love to watch all types of fims.,"I am keen on cinema, so I love to watch all types of films.",qwen3.5:4b,2026-09-25T14:50:36.2942352Z,stop
62,B.dev.gold.bea19:001107,German,"Is there any future to public transport, for travelling by car is much more convenient?","Is there a future for public transport, since travelling by car is much more convenient?",qwen3.5:4b,2026-09-25T14:50:42.5066005Z,stop
63,B.dev.gold.bea19:000358,Unknown,"Unsurprisingly, social consequences of Facebook and Twitter plays an important role in communication, regardless of distance or time.","Unsurprisingly, the social consequences of Facebook and Twitter play an important role in communication, regardless of distance or time.",qwen3.5:4b,2026-09-25T14:50:50.2654667Z,stop
64,B.dev.gold.bea19:000187,Unknown,We want a happy Earth.,We want a happy Earth.,qwen3.5:4b,2026-09-25T14:50:54.2815237Z,stop
65,B.dev.gold.bea19:000511,Arabic,"Priority seats, are preserved to those who need, not only elders but also some adult need it.","Priority seats are reserved for those who need them, not only the elderly but also some adults.",qwen3.5:4b,2026-09-25T14:51:00.9769506Z,stop
66,B.dev.gold.bea19:001036,German,"In conclusion, I want to say that that we should keep abreast of new technologies and try to make our lives easier","In conclusion, I would like to say that we should keep up with new technologies and try to make our lives easier.",qwen3.5:4b,2026-09-25T14:51:08.8459803Z,stop
67,B.dev.gold.bea19:000433,Malayalam,It would definitely help you to grow and improve as a person.,It would definitely help you grow and improve as a person.,qwen3.5:4b,2026-09-25T14:51:14.3810093Z,stop
68,B.dev.gold.bea19:000149,Malayalam,"The delivery was wrong, so now I am a huge hurry because I need my mobile to work every day.","The delivery was wrong, so now I am in a huge hurry because I need my mobile to work every day.",qwen3.5:4b,2026-09-25T14:51:21.9071726Z,stop
69,B.dev.gold.bea19:000358,Arabic,"Unsurprisingly, social consequences of Facebook and Twitter plays an important role in communication, regardless of distance or time.","Unsurprisingly, the social consequences of Facebook and Twitter play an important role in communication, regardless of distance or time.",qwen3.5:4b,2026-09-25T14:51:29.5207969Z,stop
70,B.dev.gold.bea19:001165,German,"That is a good quality of mine, I learn thing very fast and I also can get used to new thing.",That is a good quality of mine; I learn things very fast and I can also get used to new things.,qwen3.5:4b,2026-09-25T14:51:37.1037424Z,stop
71,B.dev.gold.bea19:000226,Malayalam,I am keen on cinema thus I love to watch all types of fims.,"I am keen on cinema, so I love to watch all types of films.",qwen3.5:4b,2026-09-25T14:51:43.3144478Z,stop
72,B.dev.gold.bea19:000949,Unknown,"However, they still being ordinary people, they make mistakes.","However, they are still ordinary people who make mistakes.",qwen3.5:4b,2026-09-25T14:51:48.8486928Z,stop
73,B.dev.gold.bea19:000173,German,"If the partially damaged sheets are bad, they will be treated as bad sheets, which will be securely distoryed.","If the partially damaged sheets are defective, they will be classified as defective sheets and securely destroyed.",qwen3.5:4b,2026-09-25T14:51:55.7711251Z,stop
74,B.dev.gold.bea19:000578,Malayalam,"Everyone lives in despair, but can not find the entrance to brightness.",Everyone lives in despair but cannot find the entrance to brightness.,qwen3.5:4b,2026-09-25T14:52:01.1379537Z,stop
75,B.dev.gold.bea19:000690,Malayalam,What an unfoggetable day!,What an unforgettable day!,qwen3.5:4b,2026-09-25T14:52:05.0287614Z,stop
76,B.dev.gold.bea19:000745,Arabic,"If I had this house, I would decorat it in modern stayl.","If I had this house, I would decorate it in a modern style.",qwen3.5:4b,2026-09-25T14:52:11.0198948Z,stop
77,B.dev.gold.bea19:000709,Malayalam,I enjoyed helping at the concert which was in Antaya on October.,I enjoyed helping at the concert that was in Antalya on October.,qwen3.5:4b,2026-09-25T14:52:16.9541382Z,stop
78,B.dev.gold.bea19:000690,Unknown,What an unfoggetable day!,What an unforgettable day!,qwen3.5:4b,2026-09-25T14:52:20.8920246Z,stop
79,B.dev.gold.bea19:000433,Arabic,It would definitely help you to grow and improve as a person.,It would definitely help you grow and improve as a person.,qwen3.5:4b,2026-09-25T14:52:26.2323699Z,stop
80,B.dev.gold.bea19:000821,German,"Firstly, we can discuss type of food we want to eat.","Firstly, we can discuss the type of food we want to eat.",qwen3.5:4b,2026-09-25T14:52:32.103875Z,stop
81,B.dev.gold.bea19:001214,Malayalam,"That is very good idea, because that robbish undergo a recycling.","That is a very good idea, because that rubbish undergoes recycling.",qwen3.5:4b,2026-09-25T14:52:38.0780719Z,stop
82,B.dev.gold.bea19:000511,German,"Priority seats, are preserved to those who need, not only elders but also some adult need it.","Priority seats are reserved for those who need them, not only the elderly but also some adults.",qwen3.5:4b,2026-09-25T14:52:44.8506665Z,stop
83,B.dev.gold.bea19:000517,Unknown,Television is an important part of modern culture.,Television is an important part of modern culture.,qwen3.5:4b,2026-09-25T14:52:50.0324835Z,stop
84,B.dev.gold.bea19:000187,German,We want a happy Earth.,We want a happy Earth.,qwen3.5:4b,2026-09-25T14:52:54.1386518Z,stop
85,B.dev.gold.bea19:000948,German,Famous people are obligated to provide their life in exemplary way.,Famous people are expected to live exemplary lives.,qwen3.5:4b,2026-09-25T14:52:59.1423664Z,stop
86,B.dev.gold.bea19:000745,Malayalam,"If I had this house, I would decorat it in modern stayl.","If I had this house, I would decorate it in a modern style.",qwen3.5:4b,2026-09-25T14:53:05.3450254Z,stop
87,B.dev.gold.bea19:000712,Malayalam,In the concert time all people can enjoy but nobody think about how they are preparing to concert.,"At the concert, everyone can enjoy it, but no one thinks about how they are preparing for it.",qwen3.5:4b,2026-09-25T14:53:12.5940242Z,stop
88,B.dev.gold.bea19:001057,Unknown,"They both knew that they love each other and they care about each other, but it was too much for him.","They both knew that they loved each other and cared about each other, but it was too much for him.",qwen3.5:4b,2026-09-25T14:53:20.4492666Z,stop
89,B.dev.gold.bea19:000149,Arabic,"The delivery was wrong, so now I am a huge hurry because I need my mobile to work every day.","The delivery was wrong, so now I'm in a huge rush because I need my phone to work every day.",qwen3.5:4b,2026-09-25T14:53:28.189555Z,stop
90,B.dev.gold.bea19:001214,Arabic,"That is very good idea, because that robbish undergo a recycling.","That is a very good idea, because that rubbish undergoes recycling.",qwen3.5:4b,2026-09-25T14:53:34.0392494Z,stop
91,B.dev.gold.bea19:001271,Arabic,Who would have even bothered to pay me a visit during this bloody awful weather?,Who would have even bothered to pay me a visit during this terrible weather?,qwen3.5:4b,2026-09-25T14:53:40.1530797Z,stop
92,B.dev.gold.bea19:000993,Unknown,I had a very great memories of these experiences and I would really like to live them again.,I had very great memories of these experiences and I would really like to live them again.,qwen3.5:4b,2026-09-25T14:53:47.0356442Z,stop
93,B.dev.gold.bea19:000967,Unknown,We are living in a ever changing world.,We live in an ever-changing world.,qwen3.5:4b,2026-09-25T14:53:51.936916Z,stop
94,B.dev.gold.bea19:000486,Unknown,Moreover navy wars were represented in order to celebrate Roman army.,"Moreover, naval battles were depicted to celebrate the Roman army.",qwen3.5:4b,2026-09-25T14:53:57.5701351Z,stop
95,B.dev.gold.bea19:000856,Arabic,"Furthermore, books develops imagination of reader.","Furthermore, books develop the reader's imagination.",qwen3.5:4b,2026-09-25T14:54:02.6155583Z,stop
96,B.dev.gold.bea19:000701,German,Swimming is my favourite sport.,Swimming is my favorite sport.,qwen3.5:4b,2026-09-25T14:54:06.9516664Z,stop
97,B.dev.gold.bea19:000063,Unknown,He said he was drunk and didn't know what he was saying.,He said he was drunk and didn't know what he was saying.,qwen3.5:4b,2026-09-25T14:54:13.2096352Z,stop
98,B.dev.gold.bea19:001214,German,"That is very good idea, because that robbish undergo a recycling.","That is a very good idea, because that rubbish undergoes recycling.",qwen3.5:4b,2026-09-25T14:54:19.1777964Z,stop
99,B.dev.gold.bea19:000741,Arabic,"But, technology is hre for best or worst, and we have to learn to deal with it the best we can.","But technology is here for better or worse, and we have to learn to deal with it as well as we can.",qwen3.5:4b,2026-09-25T14:54:27.4840962Z,stop
100,B.dev.gold.bea19:000517,German,Television is an important part of modern culture.,Television is an important part of modern culture.,qwen3.5:4b,2026-09-25T14:54:33.3107194Z,stop
101,B.dev.gold.bea19:000856,German,"Furthermore, books develops imagination of reader.","Furthermore, books develop the reader's imagination.",qwen3.5:4b,2026-09-25T14:54:38.4361561Z,stop
102,B.dev.gold.bea19:001007,German,Nothing is impossible in life but not doubt it is not easy to find sincere friends.,"Nothing is impossible in life, but it is not easy to find sincere friends.",qwen3.5:4b,2026-09-25T14:54:49.789012Z,stop
103,B.dev.gold.bea19:001013,Malayalam,The Guardian is a British daily newspaper which includes national and international news.,The Guardian is a British daily newspaper that covers national and international news.,qwen3.5:4b,2026-09-25T14:54:59.1726728Z,stop
104,B.dev.gold.bea19:000486,Arabic,Moreover navy wars were represented in order to celebrate Roman army.,"Moreover, naval battles were depicted to celebrate the Roman army.",qwen3.5:4b,2026-09-25T14:55:05.6785219Z,stop
105,B.dev.gold.bea19:000690,German,What an unfoggetable day!,What an unforgettable day!,qwen3.5:4b,2026-09-25T14:55:10.7014245Z,stop
106,B.dev.gold.bea19:000216,German,"Second, the teachers were really good skills to teach.","Second, the teachers had really good teaching skills.",qwen3.5:4b,2026-09-25T14:55:16.1850196Z,stop
107,B.dev.gold.bea19:000948,Unknown,Famous people are obligated to provide their life in exemplary way.,Famous people are obligated to live an exemplary life.,qwen3.5:4b,2026-09-25T14:55:23.6575767Z,stop
108,B.dev.gold.bea19:000741,Malayalam,"But, technology is hre for best or worst, and we have to learn to deal with it the best we can.","But technology is here for better or worse, and we have to learn to deal with it as well as we can.",qwen3.5:4b,2026-09-25T14:55:32.4198627Z,stop
109,B.dev.gold.bea19:000578,Unknown,"Everyone lives in despair, but can not find the entrance to brightness.",Everyone lives in despair and cannot find the entrance to brightness.,qwen3.5:4b,2026-09-25T14:55:39.614462Z,stop
110,B.dev.gold.bea19:001036,Malayalam,"In conclusion, I want to say that that we should keep abreast of new technologies and try to make our lives easier","In conclusion, I would like to say that we should keep abreast of new technologies and try to make our lives easier.",qwen3.5:4b,2026-09-25T14:55:50.8030242Z,stop
111,B.dev.gold.bea19:001173,Unknown,We found a pharmacy and a restroom where we could get a rest and take a shower to clean ourselves.,We found a pharmacy and a restroom where we could rest and take a shower to clean ourselves.,qwen3.5:4b,2026-09-25T14:55:59.54371Z,stop
112,B.dev.gold.bea19:000226,German,I am keen on cinema thus I love to watch all types of fims.,"I am keen on cinema, so I love to watch all types of films.",qwen3.5:4b,2026-09-25T14:56:09.1864697Z,stop
113,B.dev.gold.bea19:000967,Arabic,We are living in a ever changing world.,We live in an ever-changing world.,qwen3.5:4b,2026-09-25T14:56:15.9116649Z,stop
114,B.dev.gold.bea19:000232,German,It reveals that our feelings cross the boundaries of all cultures and we are connected to each other.,It reveals that our feelings transcend cultural boundaries and connect us to one another.,qwen3.5:4b,2026-09-25T14:56:23.8344097Z,stop
115,B.dev.gold.bea19:000705,Malayalam,"Swimming has different types; dolphin, crawl, backstroke and breast stroke.","Swimming has different styles: freestyle, backstroke, breaststroke, and butterfly.",qwen3.5:4b,2026-09-25T14:56:32.5687875Z,stop
116,B.dev.gold.bea19:000245,Unknown,When I work anything I feel that I have the world in my hand so I can do anything for people.,"When I work hard, I feel like I have the world in my hands, so I can do anything for people.",qwen3.5:4b,2026-09-25T14:56:42.6543304Z,stop
117,B.dev.gold.bea19:000107,German,"Well, the airport is located just outside Reus, it's small but it has a lot of servicies and transport.","Well, the airport is located just outside Reus; it's small but it has many services and transport options.",qwen3.5:4b,2026-09-25T14:56:52.484072Z,stop
118,B.dev.gold.bea19:000821,Malayalam,"Firstly, we can discuss type of food we want to eat.","Firstly, we can discuss the types of food we want to eat.",qwen3.5:4b,2026-09-25T14:57:00.2250343Z,stop
119,B.dev.gold.bea19:000486,German,Moreover navy wars were represented in order to celebrate Roman army.,"Moreover, naval battles were depicted to celebrate the Roman army.",qwen3.5:4b,2026-09-25T14:57:07.2350979Z,stop
120,B.dev.gold.bea19:000136,Arabic,"Finally, learning another language gives the learner the ability to step inside the mind and context of that other culture.","Finally, learning another language allows the learner to step into the mind and context of that other culture.",qwen3.5:4b,2026-09-25T14:57:16.2680492Z,stop
121,B.dev.gold.bea19:000949,Arabic,"However, they still being ordinary people, they make mistakes.","However, they are still just ordinary people who make mistakes.",qwen3.5:4b,2026-09-25T14:57:23.2176544Z,stop
122,B.dev.gold.bea19:001007,Unknown,Nothing is impossible in life but not doubt it is not easy to find sincere friends.,"Nothing is impossible in life, but it is not easy to find sincere friends.",qwen3.5:4b,2026-09-25T14:57:31.5823876Z,stop
123,B.dev.gold.bea19:000216,Malayalam,"Second, the teachers were really good skills to teach.","Second, the teachers had really good teaching skills.",qwen3.5:4b,2026-09-25T14:57:38.1190485Z,stop
124,B.dev.gold.bea19:000701,Unknown,Swimming is my favourite sport.,Swimming is my favorite sport.,qwen3.5:4b,2026-09-25T14:57:44.091057Z,stop
125,B.dev.gold.bea19:000741,Unknown,"But, technology is hre for best or worst, and we have to learn to deal with it the best we can.","But technology is here for better or worse, and we have to learn to deal with it as well as we can.",qwen3.5:4b,2026-09-25T14:57:54.1765139Z,stop
126,B.dev.gold.bea19:000245,German,When I work anything I feel that I have the world in my hand so I can do anything for people.,"When I work on anything, I feel that I have the world in my hands, so I can do anything for people.",qwen3.5:4b,2026-09-25T14:58:04.6183937Z,stop
127,B.dev.gold.bea19:001010,Unknown,The more people you will meet the more easy it will become for you to find a friend.,"The more people you meet, the easier it will become for you to find a friend.",qwen3.5:4b,2026-09-25T14:58:13.7222163Z,stop
128,B.dev.gold.bea19:000107,Arabic,"Well, the airport is located just outside Reus, it's small but it has a lot of servicies and transport.","Well, the airport is located just outside Reus; it's small but it has many services and transport options.",qwen3.5:4b,2026-09-25T14:58:24.0308886Z,stop
129,B.dev.gold.bea19:000636,Unknown,"As we all know, the more public transport passengers use, the less car exhausts are emitted per person.","As we all know, the more public transport passengers use, the less car exhaust is emitted per person.",qwen3.5:4b,2026-09-25T14:58:33.4198028Z,stop
130,B.dev.gold.bea19:000063,German,He said he was drunk and didn't know what he was saying.,He said he was drunk and didn't know what he was saying.,qwen3.5:4b,2026-09-25T14:58:40.9509691Z,stop
131,B.dev.gold.bea19:001057,Arabic,"They both knew that they love each other and they care about each other, but it was too much for him.","They both knew that they loved each other and cared about each other, but it was too much for him.",qwen3.5:4b,2026-09-25T14:58:50.4041884Z,stop
132,B.dev.gold.bea19:000745,German,"If I had this house, I would decorat it in modern stayl.","If I had this house, I would decorate it in a modern style.",qwen3.5:4b,2026-09-25T14:58:58.0404193Z,stop
133,B.dev.gold.bea19:001057,German,"They both knew that they love each other and they care about each other, but it was too much for him.","They both knew that they loved each other and cared about each other, but it was too much for him.",qwen3.5:4b,2026-09-25T14:59:07.8522933Z,stop
134,B.dev.gold.bea19:001001,Malayalam,However there are brilliant games for children.,"However, there are brilliant games for children.",qwen3.5:4b,2026-09-25T14:59:14.0322892Z,stop
135,B.dev.gold.bea19:000216,Unknown,"Second, the teachers were really good skills to teach.","Second, the teachers had really good teaching skills.",qwen3.5:4b,2026-09-25T14:59:20.677593Z,stop
136,B.dev.gold.bea19:000517,Malayalam,Television is an important part of modern culture.,Television is an important part of modern culture.,qwen3.5:4b,2026-09-25T14:59:27.2256983Z,stop
137,B.dev.gold.bea19:001271,Unknown,Who would have even bothered to pay me a visit during this bloody awful weather?,Who would have even bothered to pay me a visit during this terrible weather?,qwen3.5:4b,2026-09-25T14:59:34.8310595Z,stop
138,B.dev.gold.bea19:000254,Arabic,"Although I am a young girl, I think I am a quialified person for the post.","Although I am a young girl, I think I am a qualified person for the post.",qwen3.5:4b,2026-09-25T14:59:43.4927923Z,stop
139,B.dev.gold.bea19:001173,German,We found a pharmacy and a restroom where we could get a rest and take a shower to clean ourselves.,We found a pharmacy and a restroom where we could rest and take a shower to clean ourselves.,qwen3.5:4b,2026-09-25T14:59:52.3174505Z,stop
140,B.dev.gold.bea19:000993,German,I had a very great memories of these experiences and I would really like to live them again.,I had very great memories of these experiences and I would really like to live them again.,qwen3.5:4b,2026-09-25T15:00:00.6384402Z,stop
141,B.dev.gold.bea19:001001,Arabic,However there are brilliant games for children.,"However, there are brilliant games for children.",qwen3.5:4b,2026-09-25T15:00:06.9993255Z,stop
142,B.dev.gold.bea19:000149,German,"The delivery was wrong, so now I am a huge hurry because I need my mobile to work every day.","The delivery was wrong, so now I'm in a huge rush because I need my phone to work every day.",qwen3.5:4b,2026-09-25T15:00:16.9279224Z,stop
143,B.dev.gold.bea19:000032,Unknown,I really like to explore nature during summer too.,I really like to explore nature in the summer too.,qwen3.5:4b,2026-09-25T15:00:23.9327169Z,stop
144,B.dev.gold.bea19:000245,Arabic,When I work anything I feel that I have the world in my hand so I can do anything for people.,"When I work on anything, I feel like I have the world in my hands, so I can do anything for people.",qwen3.5:4b,2026-09-25T15:00:34.0641014Z,stop
145,B.dev.gold.bea19:000709,Arabic,I enjoyed helping at the concert which was in Antaya on October.,"I enjoyed helping at the concert, which was in Antalya on October.",qwen3.5:4b,2026-09-25T15:00:41.6968797Z,stop
146,B.dev.gold.bea19:000149,Unknown,"The delivery was wrong, so now I am a huge hurry because I need my mobile to work every day.","The delivery was wrong, so now I'm in a huge hurry because I need my phone to work every day.",qwen3.5:4b,2026-09-25T15:00:51.6730756Z,stop
147,B.dev.gold.bea19:001271,German,Who would have even bothered to pay me a visit during this bloody awful weather?,Who would have even bothered to pay me a visit during this terrible weather?,qwen3.5:4b,2026-09-25T15:00:59.3715891Z,stop
148,B.dev.gold.bea19:000165,Arabic,Peple should decide the background colour and thw artwork while they have to consider the security issues.,People should decide the background color and the artwork while they have to consider the security issues.,qwen3.5:4b,2026-09-25T15:01:07.9381953Z,stop
149,B.dev.gold.bea19:000640,Malayalam,"As more and more people choose to live in cities, nowadays our cities become larger and more crowded.","As more and more people choose to live in cities, our cities are becoming larger and more crowded.",qwen3.5:4b,2026-09-25T15:01:16.82474Z,stop
150,B.dev.gold.bea19:000578,German,"Everyone lives in despair, but can not find the entrance to brightness.",Everyone lives in despair but cannot find the entrance to brightness.,qwen3.5:4b,2026-09-25T15:01:23.940188Z,stop
151,B.dev.gold.bea19:000645,Arabic,"For a passenger, however, travelling is a complete relax.","For a passenger, however, traveling is completely relaxing.",qwen3.5:4b,2026-09-25T15:01:30.6851186Z,stop
152,B.dev.gold.bea19:000877,Malayalam,So she took a deep breath and put her doll in the attic just like her childhood memories.,"So she took a deep breath and put her doll in the attic, just like her childhood memories.",qwen3.5:4b,2026-09-25T15:01:39.7497562Z,stop
153,B.dev.gold.bea19:000063,Arabic,He said he was drunk and didn't know what he was saying.,He said he was drunk and didn't know what he was saying.,qwen3.5:4b,2026-09-25T15:01:47.4531492Z,stop
154,B.dev.gold.bea19:000990,German,I've worked as social trainer and as educators since I was 16.,I've worked as a social trainer and as an educator since I was 16.,qwen3.5:4b,2026-09-25T15:01:55.7123827Z,stop
155,B.dev.gold.bea19:000374,Unknown,Mostly Facebook users expect their friend to respond or pay attention on what they are doing.,"Mostly, Facebook users expect their friends to respond or pay attention to what they are doing.",qwen3.5:4b,2026-09-25T15:02:04.5910429Z,stop
156,B.dev.gold.bea19:001173,Arabic,We found a pharmacy and a restroom where we could get a rest and take a shower to clean ourselves.,We found a pharmacy and a restroom where we could rest and take a shower to clean ourselves.,qwen3.5:4b,2026-09-25T15:02:13.3518914Z,stop
157,B.dev.gold.bea19:000640,German,"As more and more people choose to live in cities, nowadays our cities become larger and more crowded.","As more and more people choose to live in cities, our cities are becoming larger and more crowded.",qwen3.5:4b,2026-09-25T15:02:22.3201532Z,stop
158,B.dev.gold.bea19:000254,Malayalam,"Although I am a young girl, I think I am a quialified person for the post.","Although I am a young girl, I think I am a qualified person for the post.",qwen3.5:4b,2026-09-25T15:02:30.8898228Z,stop
159,B.dev.gold.bea19:000062,Arabic,He followed and apoligized her.,He apologized to her.,qwen3.5:4b,2026-09-25T15:02:36.247136Z,stop
160,B.dev.gold.bea19:001010,Arabic,The more people you will meet the more easy it will become for you to find a friend.,"The more people you meet, the easier it will become for you to find a friend.",qwen3.5:4b,2026-09-25T15:02:44.7830766Z,stop
161,B.dev.gold.bea19:000374,Malayalam,Mostly Facebook users expect their friend to respond or pay attention on what they are doing.,"Mostly, Facebook users expect their friends to respond or pay attention to what they are doing.",qwen3.5:4b,2026-09-25T15:02:53.5359773Z,stop
162,B.dev.gold.bea19:001010,Malayalam,The more people you will meet the more easy it will become for you to find a friend.,"The more people you meet, the easier it will become for you to find a friend.",qwen3.5:4b,2026-09-25T15:03:02.0769284Z,stop
163,B.dev.gold.bea19:000645,German,"For a passenger, however, travelling is a complete relax.","For a passenger, however, traveling is completely relaxing.",qwen3.5:4b,2026-09-25T15:03:09.0150915Z,stop
164,B.dev.gold.bea19:000948,Arabic,Famous people are obligated to provide their life in exemplary way.,Famous people are obligated to live an exemplary life.,qwen3.5:4b,2026-09-25T15:03:16.3171421Z,stop
165,B.dev.gold.bea19:000020,Unknown,There are a lot of products which have to be announced and a lot of messages to report to people.,There are many products that need to be announced and many messages to report to people.,qwen3.5:4b,2026-09-25T15:03:24.9344805Z,stop
166,B.dev.gold.bea19:000567,Malayalam,"From newspapers, magazines, even foreign medium, we can easily figure out that our environment is changing severely.","From newspapers, magazines, and even foreign media, we can easily figure out that our environment is changing severely.",qwen3.5:4b,2026-09-25T15:03:34.55061Z,stop
167,B.dev.gold.bea19:000232,Unknown,It reveals that our feelings cross the boundaries of all cultures and we are connected to each other.,It reveals that our feelings transcend cultural boundaries and connect us all.,qwen3.5:4b,2026-09-25T15:03:42.3205777Z,stop
168,B.dev.gold.bea19:000705,German,"Swimming has different types; dolphin, crawl, backstroke and breast stroke.","Swimming has different styles: the dolphin, crawl, backstroke, and breaststroke.",qwen3.5:4b,2026-09-25T15:03:50.5374786Z,stop
169,B.dev.gold.bea19:000101,Arabic,"If you tried all the activities, you would spend a great time here, in Castelldefels!","If you tried all the activities, you would have a great time here, in Castelldefels!",qwen3.5:4b,2026-09-25T15:03:59.3546991Z,stop
170,B.dev.gold.bea19:001285,Arabic,All the household nearby the public road throws the dirty things easily and even don't bother about the order of the municipality.,All households near the public road throw away their trash easily and do not care about the municipality's order.,qwen3.5:4b,2026-09-25T15:04:09.2336989Z,stop
171,B.dev.gold.bea19:000245,Malayalam,When I work anything I feel that I have the world in my hand so I can do anything for people.,"When I work hard, I feel that I have the power to do anything for people.",qwen3.5:4b,2026-09-25T15:04:17.7414862Z,stop
172,B.dev.gold.bea19:001057,Malayalam,"They both knew that they love each other and they care about each other, but it was too much for him.","They both knew that they loved each other and cared about each other, but it was too much for him.",qwen3.5:4b,2026-09-25T15:04:27.5132071Z,stop
173,B.dev.gold.bea19:001173,Malayalam,We found a pharmacy and a restroom where we could get a rest and take a shower to clean ourselves.,We found a pharmacy and a restroom where we could rest and take a shower to clean ourselves.,qwen3.5:4b,2026-09-25T15:04:36.614382Z,stop
174,B.dev.gold.bea19:001007,Malayalam,Nothing is impossible in life but not doubt it is not easy to find sincere friends.,"Nothing is impossible in life, but it is not easy to find sincere friends.",qwen3.5:4b,2026-09-25T15:04:44.9219983Z,stop
175,B.dev.gold.bea19:000226,Unknown,I am keen on cinema thus I love to watch all types of fims.,"I am keen on cinema, so I love to watch all types of films.",qwen3.5:4b,2026-09-25T15:04:52.9369902Z,stop
176,B.dev.gold.bea19:001010,German,The more people you will meet the more easy it will become for you to find a friend.,"The more people you meet, the easier it will become for you to find a friend.",qwen3.5:4b,2026-09-25T15:05:01.308267Z,stop
177,B.dev.gold.bea19:000993,Arabic,I had a very great memories of these experiences and I would really like to live them again.,I had very great memories of these experiences and I would really like to live them again.,qwen3.5:4b,2026-09-25T15:05:09.7637492Z,stop
178,B.dev.gold.bea19:000712,German,In the concert time all people can enjoy but nobody think about how they are preparing to concert.,"At the concert, everyone can enjoy it, but no one thinks about how they are preparing for it.",qwen3.5:4b,2026-09-25T15:05:18.6808079Z,stop
179,B.dev.gold.bea19:000101,Unknown,"If you tried all the activities, you would spend a great time here, in Castelldefels!","If you tried all the activities, you would have a great time here, in Castelldefels!",qwen3.5:4b,2026-09-25T15:05:28.0367582Z,stop
180,B.dev.gold.bea19:000165,Malayalam,Peple should decide the background colour and thw artwork while they have to consider the security issues.,People should decide the background color and the artwork while considering security issues.,qwen3.5:4b,2026-09-25T15:05:36.2621385Z,stop
181,B.dev.gold.bea19:001148,German,My curiosity had put me into a big trouble.,My curiosity got me into big trouble.,qwen3.5:4b,2026-09-25T15:05:42.5584339Z,stop
182,B.dev.gold.bea19:000358,German,"Unsurprisingly, social consequences of Facebook and Twitter plays an important role in communication, regardless of distance or time.","Unsurprisingly, the social consequences of Facebook and Twitter play an important role in communication, regardless of distance or time.",qwen3.5:4b,2026-09-25T15:05:52.526773Z,stop
183,B.dev.gold.bea19:000436,Unknown,"As far as I'm concerned, public transportation is the best transport media for environmental care.","As far as I'm concerned, public transportation is the best mode of transport for environmental protection.",qwen3.5:4b,2026-09-25T15:06:01.3720565Z,stop
184,B.dev.gold.bea19:000990,Malayalam,I've worked as social trainer and as educators since I was 16.,I've worked as a social worker and an educator since I was 16.,qwen3.5:4b,2026-09-25T15:06:09.9027304Z,stop
185,B.dev.gold.bea19:000645,Malayalam,"For a passenger, however, travelling is a complete relax.","For a passenger, however, travelling is completely relaxing.",qwen3.5:4b,2026-09-25T15:06:16.542347Z,stop
186,B.dev.gold.bea19:000405,Unknown,What a lovely weather today!,What lovely weather it is today!,qwen3.5:4b,2026-09-25T15:06:22.2098888Z,stop
187,B.dev.gold.bea19:000821,Unknown,"Firstly, we can discuss type of food we want to eat.","Firstly, we can discuss the type of food we want to eat.",qwen3.5:4b,2026-09-25T15:06:30.2759334Z,stop
188,B.dev.gold.bea19:000232,Malayalam,It reveals that our feelings cross the boundaries of all cultures and we are connected to each other.,It reveals that our feelings transcend cultural boundaries and connect us to one another.,qwen3.5:4b,2026-09-25T15:06:38.4249665Z,stop
189,B.dev.gold.bea19:000062,German,He followed and apoligized her.,He apologized to her.,qwen3.5:4b,2026-09-25T15:06:43.8614147Z,stop
190,B.dev.gold.bea19:000062,Unknown,He followed and apoligized her.,He apologized to her.,qwen3.5:4b,2026-09-25T15:06:49.5324233Z,stop
191,B.dev.gold.bea19:000567,German,"From newspapers, magazines, even foreign medium, we can easily figure out that our environment is changing severely.","From newspapers, magazines, and even foreign media, we can easily figure out that our environment is changing severely.",qwen3.5:4b,2026-09-25T15:06:59.0875893Z,stop
192,B.dev.gold.bea19:000358,Malayalam,"Unsurprisingly, social consequences of Facebook and Twitter plays an important role in communication, regardless of distance or time.","Unsurprisingly, the social consequences of Facebook and Twitter play an important role in communication, regardless of distance or time.",qwen3.5:4b,2026-09-25T15:07:09.2866475Z,stop
193,B.dev.gold.bea19:000032,Malayalam,I really like to explore nature during summer too.,I really like to explore nature in the summer too.,qwen3.5:4b,2026-09-25T15:07:15.8559614Z,stop
194,B.dev.gold.bea19:001013,Arabic,The Guardian is a British daily newspaper which includes national and international news.,The Guardian is a British daily newspaper that covers national and international news.,qwen3.5:4b,2026-09-25T15:07:23.4415632Z,stop
195,B.dev.gold.bea19:000733,Arabic,"Regarding advertisement, technology is having a huge, and not always possitive impact on outdoor advertisement.","Regarding advertisements, technology has had a huge, and not always positive, impact on outdoor advertising.",qwen3.5:4b,2026-09-25T15:07:33.1485314Z,stop
196,B.dev.gold.bea19:001107,Unknown,"Is there any future to public transport, for travelling by car is much more convenient?","Is there a future for public transport, given that traveling by car is much more convenient?",qwen3.5:4b,2026-09-25T15:07:40.8355299Z,stop
197,B.dev.gold.bea19:000032,German,I really like to explore nature during summer too.,I really like to explore nature in the summer too.,qwen3.5:4b,2026-09-25T15:07:46.8145572Z,stop
198,B.dev.gold.bea19:000745,Unknown,"If I had this house, I would decorat it in modern stayl.","If I had this house, I would decorate it in a modern style.",qwen3.5:4b,2026-09-25T15:07:53.5828235Z,stop
199,B.dev.gold.bea19:000701,Malayalam,Swimming is my favourite sport.,Swimming is my favorite sport.,qwen3.5:4b,2026-09-25T15:07:58.8458105Z,stop
200,B.dev.gold.bea19:000733,Unknown,"Regarding advertisement, technology is having a huge, and not always possitive impact on outdoor advertisement.","Regarding advertisements, technology is having a huge, and not always positive, impact on outdoor advertising.",qwen3.5:4b,2026-09-25T15:08:06.6885428Z,stop
201,B.dev.gold.bea19:000433,German,It would definitely help you to grow and improve as a person.,It would definitely help you to grow and improve as a person.,qwen3.5:4b,2026-09-25T15:08:12.9074583Z,stop
202,B.dev.gold.bea19:000877,Arabic,So she took a deep breath and put her doll in the attic just like her childhood memories.,"So she took a deep breath and put her doll in the attic, just as in her childhood memories.",qwen3.5:4b,2026-09-25T15:08:20.4140031Z,stop
203,B.dev.gold.bea19:000374,German,Mostly Facebook users expect their friend to respond or pay attention on what they are doing.,"Mostly, Facebook users expect their friends to respond or pay attention to what they are doing.",qwen3.5:4b,2026-09-25T15:08:27.8793223Z,stop
204,B.dev.gold.bea19:001107,Arabic,"Is there any future to public transport, for travelling by car is much more convenient?","Is there a future for public transport, since traveling by car is much more convenient?",qwen3.5:4b,2026-09-25T15:08:34.8633185Z,stop
205,B.dev.gold.bea19:000511,Malayalam,"Priority seats, are preserved to those who need, not only elders but also some adult need it.","Priority seats are reserved for those who need them, not only the elderly but also some adults.",qwen3.5:4b,2026-09-25T15:08:42.2855068Z,stop
206,B.dev.gold.bea19:000640,Unknown,"As more and more people choose to live in cities, nowadays our cities become larger and more crowded.","As more and more people choose to live in cities, they are becoming larger and more crowded.",qwen3.5:4b,2026-09-25T15:08:49.9354599Z,stop
207,B.dev.gold.bea19:001165,Arabic,"That is a good quality of mine, I learn thing very fast and I also can get used to new thing.",That is a good quality of mine; I learn things very fast and I can also get used to new things.,qwen3.5:4b,2026-09-25T15:08:58.0975476Z,stop
208,B.dev.gold.bea19:000173,Arabic,"If the partially damaged sheets are bad, they will be treated as bad sheets, which will be securely distoryed.","If the partially damaged sheets are defective, they will be treated as scrap and securely destroyed.",qwen3.5:4b,2026-09-25T15:09:05.4183632Z,stop
209,B.dev.gold.bea19:001285,German,All the household nearby the public road throws the dirty things easily and even don't bother about the order of the municipality.,All the households near the public road throw away their trash easily and do not care about the municipality's order.,qwen3.5:4b,2026-09-25T15:09:14.0240326Z,stop
210,B.dev.gold.bea19:000856,Unknown,"Furthermore, books develops imagination of reader.","Furthermore, books develop the reader's imagination.",qwen3.5:4b,2026-09-25T15:09:19.2170567Z,stop
211,B.dev.gold.bea19:000433,Unknown,It would definitely help you to grow and improve as a person.,It would definitely help you to grow and improve as a person.,qwen3.5:4b,2026-09-25T15:09:25.402213Z,stop
212,B.dev.gold.bea19:000877,Unknown,So she took a deep breath and put her doll in the attic just like her childhood memories.,"So she took a deep breath and put her doll in the attic, just like her childhood memories.",qwen3.5:4b,2026-09-25T15:09:33.2428678Z,stop
213,B.dev.gold.bea19:000578,Arabic,"Everyone lives in despair, but can not find the entrance to brightness.",Everyone lives in despair but cannot find the entrance to brightness.,qwen3.5:4b,2026-09-25T15:09:39.2117795Z,stop
214,B.dev.gold.bea19:000705,Unknown,"Swimming has different types; dolphin, crawl, backstroke and breast stroke.","Swimming has different styles: the dolphin, crawl, backstroke, and breaststroke.",qwen3.5:4b,2026-09-25T15:09:46.3999436Z,stop
215,B.dev.gold.bea19:001007,Arabic,Nothing is impossible in life but not doubt it is not easy to find sincere friends.,"Nothing is impossible in life, but it is not easy to find sincere friends.",qwen3.5:4b,2026-09-25T15:09:53.4920832Z,stop
216,B.dev.gold.bea19:000165,Unknown,Peple should decide the background colour and thw artwork while they have to consider the security issues.,People should decide the background color and the artwork while they have to consider the security issues.,qwen3.5:4b,2026-09-25T15:10:00.8009195Z,stop
217,B.dev.gold.bea19:000136,Malayalam,"Finally, learning another language gives the learner the ability to step inside the mind and context of that other culture.","Finally, learning another language gives the learner the ability to step into the mind and context of that other culture.",qwen3.5:4b,2026-09-25T15:10:08.8487002Z,stop
218,B.dev.gold.bea19:001036,Arabic,"In conclusion, I want to say that that we should keep abreast of new technologies and try to make our lives easier","In conclusion, I would like to say that we should keep up with new technologies and try to make our lives easier.",qwen3.5:4b,2026-09-25T15:10:17.5611468Z,stop
219,B.dev.gold.bea19:000107,Malayalam,"Well, the airport is located just outside Reus, it's small but it has a lot of servicies and transport.","Well, the airport is located just outside Reus; it's small but it has many services and transport options.",qwen3.5:4b,2026-09-25T15:10:26.2735155Z,stop
220,B.dev.gold.bea19:001285,Unknown,All the household nearby the public road throws the dirty things easily and even don't bother about the order of the municipality.,All households near the public road throw away their trash easily and do not care about the municipality's order.,qwen3.5:4b,2026-09-25T15:10:34.6917096Z,stop
221,B.dev.gold.bea19:000254,Unknown,"Although I am a young girl, I think I am a quialified person for the post.","Although I am a young girl, I think I am a qualified person for the post.",qwen3.5:4b,2026-09-25T15:10:42.141368Z,stop
222,B.dev.gold.bea19:001148,Unknown,My curiosity had put me into a big trouble.,My curiosity got me into big trouble.,qwen3.5:4b,2026-09-25T15:10:47.4850345Z,stop
223,B.dev.gold.bea19:001038,Unknown,"This day was full of joy and happiness, but something went wrong after when she told him that she is pregnant.","This day was full of joy and happiness, but something went wrong after she told him that she was pregnant.",qwen3.5:4b,2026-09-25T15:10:55.7845052Z,stop
224,B.dev.gold.bea19:000405,German,What a lovely weather today!,What lovely weather it is today!,qwen3.5:4b,2026-09-25T15:11:00.5032421Z,stop
225,B.dev.gold.bea19:000967,German,We are living in a ever changing world.,We live in an ever-changing world.,qwen3.5:4b,2026-09-25T15:11:05.5011871Z,stop
226,B.dev.gold.bea19:001165,Unknown,"That is a good quality of mine, I learn thing very fast and I also can get used to new thing.",That is a good quality of mine; I learn things very fast and I can also get used to new things.,qwen3.5:4b,2026-09-25T15:11:13.8921514Z,stop
227,B.dev.gold.bea19:001148,Arabic,My curiosity had put me into a big trouble.,My curiosity got me into big trouble.,qwen3.5:4b,2026-09-25T15:11:19.0993728Z,stop
228,B.dev.gold.bea19:000990,Unknown,I've worked as social trainer and as educators since I was 16.,I've worked as a social trainer and as an educator since I was 16.,qwen3.5:4b,2026-09-25T15:11:26.130999Z,stop
229,B.dev.gold.bea19:000136,German,"Finally, learning another language gives the learner the ability to step inside the mind and context of that other culture.","Finally, learning another language gives the learner the ability to step into the mind and context of that other culture.",qwen3.5:4b,2026-09-25T15:11:34.2765664Z,stop
230,B.dev.gold.bea19:000486,Malayalam,Moreover navy wars were represented in order to celebrate Roman army.,"Moreover, naval battles were depicted to celebrate the Roman army.",qwen3.5:4b,2026-09-25T15:11:40.1794651Z,stop
231,B.dev.gold.bea19:000567,Arabic,"From newspapers, magazines, even foreign medium, we can easily figure out that our environment is changing severely.","From newspapers, magazines, and even foreign media, we can easily figure out that our environment is changing severely.",qwen3.5:4b,2026-09-25T15:11:48.2037446Z,stop
232,B.dev.gold.bea19:000020,German,There are a lot of products which have to be announced and a lot of messages to report to people.,There are many products that need to be announced and many messages to send to people.,qwen3.5:4b,2026-09-25T15:11:55.5285057Z,stop
233,B.dev.gold.bea19:001214,Unknown,"That is very good idea, because that robbish undergo a recycling.","That is a very good idea, because that rubbish undergoes recycling.",qwen3.5:4b,2026-09-25T15:12:02.0803614Z,stop
234,B.dev.gold.bea19:001285,Malayalam,All the household nearby the public road throws the dirty things easily and even don't bother about the order of the municipality.,All households near the public road throw away their trash easily and do not care about the municipal order.,qwen3.5:4b,2026-09-25T15:12:09.9114026Z,stop
235,B.dev.gold.bea19:000636,Arabic,"As we all know, the more public transport passengers use, the less car exhausts are emitted per person.","As we all know, the more public transport passengers use, the less car exhaust is emitted per person.",qwen3.5:4b,2026-09-25T15:12:17.9770081Z,stop
236,B.dev.gold.bea19:000640,Arabic,"As more and more people choose to live in cities, nowadays our cities become larger and more crowded.","As more and more people choose to live in cities, our cities are becoming larger and more crowded.",qwen3.5:4b,2026-09-25T15:12:25.3793181Z,stop
237,B.dev.gold.bea19:000020,Malayalam,There are a lot of products which have to be announced and a lot of messages to report to people.,There are many products that need to be announced and many messages to report to people.,qwen3.5:4b,2026-09-25T15:12:32.5956667Z,stop
238,B.dev.gold.bea19:001038,Arabic,"This day was full of joy and happiness, but something went wrong after when she told him that she is pregnant.","This day was full of joy and happiness, but something went wrong after she told him that she was pregnant.",qwen3.5:4b,2026-09-25T15:12:40.7426701Z,stop
239,B.dev.gold.bea19:000436,German,"As far as I'm concerned, public transportation is the best transport media for environmental care.","As far as I'm concerned, public transportation is the best form of transport for environmental protection.",qwen3.5:4b,2026-09-25T15:12:50.0799536Z,stop
240,B.dev.gold.bea19:000712,Unknown,In the concert time all people can enjoy but nobody think about how they are preparing to concert.,"At the concert, everyone can enjoy it, but no one thinks about how they are preparing for it.",qwen3.5:4b,2026-09-25T15:13:00.7952177Z,stop
