sentence_id,Sentence,recommended_category,gold_status,gold_correction,number_of_labels,labels_tested,answer_arabic,normalized_arabic,gold_match_arabic,answer_german,normalized_german,gold_match_german,answer_malayalam,normalized_malayalam,gold_match_malayalam,answer_unknown,normalized_unknown,gold_match_unknown,unique_answers,label_sensitive,number_matching_gold,gold_match_varies_by_label,difference_type,quality_difference,reviewer_notes,needs_manual_review
B.dev.gold.bea19:000949,"However, they still being ordinary people, they make mistakes.",clear_error,incorrect,"However, they are still ordinary people, and they make mistakes.",4,Arabic;German;Malayalam;Unknown,"However, they still are ordinary people who make mistakes.","However, they still are ordinary people who make mistakes.",False,"However, they still are ordinary people, they make mistakes.","However, they still are ordinary people, they make mistakes.",False,"However, they still are ordinary people who make mistakes.","However, they still are ordinary people who make mistakes.",False,"However, they still are ordinary people who make mistakes.","However, they still are ordinary people who make mistakes.",False,2,Yes,0,No,,,,Yes
B.dev.gold.bea19:000405,What a lovely weather today!,clear_error,incorrect,What lovely weather today!,4,Arabic;German;Malayalam;Unknown,What lovely weather today!,What lovely weather today!,True,What lovely weather today!,What lovely weather today!,True,What lovely weather it is today!,What lovely weather it is today!,False,What lovely weather today!,What lovely weather today!,True,2,Yes,3,Yes,,,,Yes
B.dev.gold.bea19:000733,"Regarding advertisement, technology is having a huge, and not always possitive impact on outdoor advertisement.",clear_error,incorrect,"Regarding advertising, technology is having a huge and not always positive impact on outdoor advertising.",4,Arabic;German;Malayalam;Unknown,"Regarding advertising, technology is having a huge and not always positive impact on outdoor advertising.","Regarding advertising, technology is having a huge and not always positive impact on outdoor advertising.",True,"Regarding advertising, technology is having a huge and not always positive impact on outdoor advertising.","Regarding advertising, technology is having a huge and not always positive impact on outdoor advertising.",True,"Regarding advertising, technology is having a huge and not always positive impact on outdoor advertisements.","Regarding advertising, technology is having a huge and not always positive impact on outdoor advertisements.",False,"Regarding advertising, technology is having a huge and not always positive impact on outdoor advertisements.","Regarding advertising, technology is having a huge and not always positive impact on outdoor advertisements.",False,2,Yes,2,Yes,,,,Yes
B.dev.gold.bea19:000948,Famous people are obligated to provide their life in exemplary way.,ambiguous_error,incorrect,Famous people are obligated to live their lives in an exemplary way.,4,Arabic;German;Malayalam;Unknown,Famous people are obligated to live exemplary lives.,Famous people are obligated to live exemplary lives.,False,Famous people are obligated to live exemplary lives.,Famous people are obligated to live exemplary lives.,False,Famous people are obligated to live an exemplary way.,Famous people are obligated to live an exemplary way.,False,Famous people are obligated to live exemplary lives.,Famous people are obligated to live exemplary lives.,False,2,Yes,0,No,,,,Yes
B.dev.gold.bea19:001271,Who would have even bothered to pay me a visit during this bloody awful weather?,correct,correct,Who would have even bothered to pay me a visit during this bloody awful weather?,4,Arabic;German;Malayalam;Unknown,Who would have even bothered to pay me a visit during this awful weather?,Who would have even bothered to pay me a visit during this awful weather?,False,Who would have even bothered to pay me a visit during this awful weather?,Who would have even bothered to pay me a visit during this awful weather?,False,Who would have even bothered to pay me a visit during this awful weather?,Who would have even bothered to pay me a visit during this awful weather?,False,Who would have even bothered to pay me a visit during this bloody awful weather?,Who would have even bothered to pay me a visit during this bloody awful weather?,True,2,Yes,1,Yes,,,,Yes
B.dev.gold.bea19:001107,"Is there any future to public transport, for travelling by car is much more convenient?",ambiguous_error,incorrect,Is there no future for public transport because travelling by car is much more convenient?,4,Arabic;German;Malayalam;Unknown,"Is there any future for public transport, considering that travelling by car is much more convenient?","Is there any future for public transport, considering that travelling by car is much more convenient?",False,"Is there any future for public transport, considering travelling by car is much more convenient?","Is there any future for public transport, considering travelling by car is much more convenient?",False,"Is there any future for public transport, or is travelling by car much more convenient?","Is there any future for public transport, or is travelling by car much more convenient?",False,"Is there any future for public transport, considering that travelling by car is much more convenient?","Is there any future for public transport, considering that travelling by car is much more convenient?",False,3,Yes,0,No,,,,Yes
B.dev.gold.bea19:000690,What an unfoggetable day!,clear_error,incorrect,What an unforgettable day!,4,Arabic;German;Malayalam;Unknown,What an unforgettable day!,What an unforgettable day!,True,What an unforgettably day!,What an unforgettably day!,False,What an unforgettable day!,What an unforgettable day!,True,What an unforgettable day!,What an unforgettable day!,True,2,Yes,3,Yes,,,,Yes
B.dev.gold.bea19:000165,Peple should decide the background colour and thw artwork while they have to consider the security issues.,clear_error,incorrect,People should decide the background colour and the artwork and they have to consider the security issues.,4,Arabic;German;Malayalam;Unknown,People should decide the background color and the artwork while they have to consider the security issues.,People should decide the background color and the artwork while they have to consider the security issues.,False,People should decide the background color and the artwork while they have to consider the security issues.,People should decide the background color and the artwork while they have to consider the security issues.,False,People should decide the background color and the artwork while they have to consider the security issues.,People should decide the background color and the artwork while they have to consider the security issues.,False,People should decide the background color and the artwork while they have to consider security issues.,People should decide the background color and the artwork while they have to consider security issues.,False,2,Yes,0,No,,,,Yes
B.dev.gold.bea19:001148,My curiosity had put me into a big trouble.,clear_error,incorrect,My curiosity got me into big trouble.,4,Arabic;German;Malayalam;Unknown,My curiosity has put me into big trouble.,My curiosity has put me into big trouble.,False,My curiosity has put me into big trouble.,My curiosity has put me into big trouble.,False,My curiosity has put me into a lot of trouble.,My curiosity has put me into a lot of trouble.,False,My curiosity has put me into big trouble.,My curiosity has put me into big trouble.,False,2,Yes,0,No,,,,Yes
B.dev.gold.bea19:000619,"Cycling to school, to work or to do any other activity it is not a common habit in Spain.",clear_error,incorrect,"Cycling to school, to work or to do any other activity is not a common habit in Spain.",4,Arabic;German;Malayalam;Unknown,"Cycling to school, to work, or to do any other activity is not a common habit in Spain.","Cycling to school, to work, or to do any other activity is not a common habit in Spain.",False,"Cycling to school, to work, or to do any other activity is not a common habit in Spain.","Cycling to school, to work, or to do any other activity is not a common habit in Spain.",False,"Cycling to school, to work, or to do any other activity, it is not a common habit in Spain.","Cycling to school, to work, or to do any other activity, it is not a common habit in Spain.",False,"Cycling to school, to work, or to do any other activity is not a common habit in Spain.","Cycling to school, to work, or to do any other activity is not a common habit in Spain.",False,2,Yes,0,No,,,,Yes
B.dev.gold.bea19:000877,So she took a deep breath and put her doll in the attic just like her childhood memories.,ambiguous_error,incorrect,"So she took a deep breath and put her doll in the attic, just like her childhood memories.",4,Arabic;German;Malayalam;Unknown,"So she took a deep breath and put her doll in the attic, just like her childhood memories.","So she took a deep breath and put her doll in the attic, just like her childhood memories.",True,"So she took a deep breath and put her doll in the attic, just like her childhood memories.","So she took a deep breath and put her doll in the attic, just like her childhood memories.",True,"She took a deep breath and put her doll in the attic, just like her childhood memories.","She took a deep breath and put her doll in the attic, just like her childhood memories.",False,"So she took a deep breath and put her doll in the attic, just like her childhood memories.","So she took a deep breath and put her doll in the attic, just like her childhood memories.",True,2,Yes,3,Yes,,,,Yes
B.dev.gold.bea19:000032,I really like to explore nature during summer too.,correct,correct,I really like to explore nature during summer too.,4,Arabic;German;Malayalam;Unknown,"I really like exploring nature during summer, too.","I really like exploring nature during summer, too.",False,"I really like exploring nature during the summer, too.","I really like exploring nature during the summer, too.",False,"I really like exploring nature during the summer, too.","I really like exploring nature during the summer, too.",False,"I really like exploring nature during the summer, too.","I really like exploring nature during the summer, too.",False,2,Yes,0,No,,,,Yes
B.dev.gold.bea19:000712,In the concert time all people can enjoy but nobody think about how they are preparing to concert.,ambiguous_error,incorrect,"During a concert everybody can enjoy themselves, but nobody thinks about how they prepare for a concert.",4,Arabic;German;Malayalam;Unknown,"In the concert, everyone can enjoy, but nobody thinks about how they are preparing.","In the concert, everyone can enjoy, but nobody thinks about how they are preparing.",False,"In the concert, everyone can enjoy, but nobody thinks about how they are preparing.","In the concert, everyone can enjoy, but nobody thinks about how they are preparing.",False,"In the concert, all people can enjoy, but nobody thinks about how they are preparing for it.","In the concert, all people can enjoy, but nobody thinks about how they are preparing for it.",False,"In the concert, everyone can enjoy, but nobody thinks about how they are preparing.","In the concert, everyone can enjoy, but nobody thinks about how they are preparing.",False,2,Yes,0,No,,,,Yes
B.dev.gold.bea19:000636,"As we all know, the more public transport passengers use, the less car exhausts are emitted per person.",clear_error,incorrect,"As we all know, the more passengers use public transport, the less car exhaust is emitted per person.",4,Arabic;German;Malayalam;Unknown,"As we all know, the more public transport passengers use, the less car emissions are emitted per person.","As we all know, the more public transport passengers use, the less car emissions are emitted per person.",False,"As we all know, the more public transport passengers use, the less car exhaust emissions are per person.","As we all know, the more public transport passengers use, the less car exhaust emissions are per person.",False,"As we all know, the more public transport passengers use, the less car emissions are emitted per person.","As we all know, the more public transport passengers use, the less car emissions are emitted per person.",False,"As we all know, the more public transport passengers use, the less car exhaust emissions are per person.","As we all know, the more public transport passengers use, the less car exhaust emissions are per person.",False,2,Yes,0,No,,,,Yes
B.dev.gold.bea19:000101,"If you tried all the activities, you would spend a great time here, in Castelldefels!",clear_error,incorrect,"If you tried all the activities, you would have a great time here in Castelldefels!",4,Arabic;German;Malayalam;Unknown,"If you tried all the activities, you would have a great time here in Castelldefels!","If you tried all the activities, you would have a great time here in Castelldefels!",True,"If you tried all the activities, you would have a great time here in Castelldefels!","If you tried all the activities, you would have a great time here in Castelldefels!",True,"If you tried all the activities, you would spend a great time here in Castelldefels!","If you tried all the activities, you would spend a great time here in Castelldefels!",False,"If you tried all the activities, you would spend a great time here in Castelldefels!","If you tried all the activities, you would spend a great time here in Castelldefels!",False,2,Yes,2,Yes,,,,Yes
B.dev.gold.bea19:000709,I enjoyed helping at the concert which was in Antaya on October.,clear_error,incorrect,I enjoyed helping at the concert in Antaya in October.,4,Arabic;German;Malayalam;Unknown,I enjoyed helping at the concert which was in Antalya on October.,I enjoyed helping at the concert which was in Antalya on October.,False,I enjoyed helping at the concert which was in Antalya on October.,I enjoyed helping at the concert which was in Antalya on October.,False,I enjoyed helping at the concert which was in Antaya in October.,I enjoyed helping at the concert which was in Antaya in October.,False,I enjoyed helping at the concert which was in Antalya on October.,I enjoyed helping at the concert which was in Antalya on October.,False,2,Yes,0,No,,,,Yes
B.dev.gold.bea19:000567,"From newspapers, magazines, even foreign medium, we can easily figure out that our environment is changing severely.",clear_error,incorrect,"From newspapers, magazines, even foreign media, we can easily figure out that our environment is changing severely.",4,Arabic;German;Malayalam;Unknown,"From newspapers, magazines, and even foreign media, we can easily see that our environment is changing severely.","From newspapers, magazines, and even foreign media, we can easily see that our environment is changing severely.",False,"From newspapers, magazines, and even foreign media, we can easily see that our environment is changing severely.","From newspapers, magazines, and even foreign media, we can easily see that our environment is changing severely.",False,"From newspapers, magazines, and even foreign-language media, we can easily see that our environment is changing severely.","From newspapers, magazines, and even foreign-language media, we can easily see that our environment is changing severely.",False,"From newspapers, magazines, and even foreign media, we can easily see that our environment is changing severely.","From newspapers, magazines, and even foreign media, we can easily see that our environment is changing severely.",False,2,Yes,0,No,,,,Yes
B.dev.gold.bea19:000990,I've worked as social trainer and as educators since I was 16.,clear_error,incorrect,I've worked as a social trainer and as an educator since I was 16.,4,Arabic;German;Malayalam;Unknown,I've worked as a social trainer and educator since I was 16.,I've worked as a social trainer and educator since I was 16.,False,I've worked as a social trainer and educator since I was 16.,I've worked as a social trainer and educator since I was 16.,False,I've worked as a social trainer and educator since I was 16.,I've worked as a social trainer and educator since I was 16.,False,I have worked as a social trainer and educator since I was 16.,I have worked as a social trainer and educator since I was 16.,False,2,Yes,0,No,,,,Yes
B.dev.gold.bea19:000511,"Priority seats, are preserved to those who need, not only elders but also some adult need it.",clear_error,incorrect,"Priority seats are reserved for those who need them, not only elderly people but also some adults need them.",4,Arabic;German;Malayalam;Unknown,"Priority seats are preserved to those who need them, not only elders but also some adults.","Priority seats are preserved to those who need them, not only elders but also some adults.",False,"Priority seats are preserved to those who need them, not only elders but also some adults.","Priority seats are preserved to those who need them, not only elders but also some adults.",False,"Priority seats are preserved for those who need them, not only elders but also some adults.","Priority seats are preserved for those who need them, not only elders but also some adults.",False,"Priority seats are preserved to those who need them, not only elders but also some adults.","Priority seats are preserved to those who need them, not only elders but also some adults.",False,2,Yes,0,No,,,,Yes
B.dev.gold.bea19:000993,I had a very great memories of these experiences and I would really like to live them again.,clear_error,incorrect,I have really great memories of these experiences and I would really like to relive them.,4,Arabic;German;Malayalam;Unknown,I have very good memories of these experiences and I would really like to live them again.,I have very good memories of these experiences and I would really like to live them again.,False,I have very good memories of these experiences and I would really like to relive them.,I have very good memories of these experiences and I would really like to relive them.,False,I have very good memories of these experiences and I would really like to relive them.,I have very good memories of these experiences and I would really like to relive them.,False,I have very good memories of these experiences and I would really like to relive them.,I have very good memories of these experiences and I would really like to relive them.,False,2,Yes,0,No,,,,Yes
B.dev.gold.bea19:000433,It would definitely help you to grow and improve as a person.,correct,correct,It would definitely help you to grow and improve as a person.,4,Arabic;German;Malayalam;Unknown,It would definitely help you to grow and improve.,It would definitely help you to grow and improve.,False,It would definitely help you to grow and improve as a person.,It would definitely help you to grow and improve as a person.,True,It would definitely help you to grow and improve.,It would definitely help you to grow and improve.,False,It would definitely help you to grow and improve.,It would definitely help you to grow and improve.,False,2,Yes,1,Yes,,,,Yes
B.dev.gold.bea19:000149,"The delivery was wrong, so now I am a huge hurry because I need my mobile to work every day.",clear_error,incorrect,"The delivery was wrong, so now I am in a huge hurry because I need my mobile to work every day.",4,Arabic;German;Malayalam;Unknown,"The delivery was wrong, so now I am in a hurry because I need my mobile to work every day.","The delivery was wrong, so now I am in a hurry because I need my mobile to work every day.",False,"The delivery was wrong, so now I am in a huge hurry because I need my mobile to work every day.","The delivery was wrong, so now I am in a huge hurry because I need my mobile to work every day.",True,"The delivery was wrong, so now I’m in a huge hurry because I need my mobile to work every day.","The delivery was wrong, so now I'm in a huge hurry because I need my mobile to work every day.",False,"The delivery was wrong, so now I am in a hurry because I need my mobile to work every day.","The delivery was wrong, so now I am in a hurry because I need my mobile to work every day.",False,3,Yes,1,Yes,,,,Yes
B.dev.gold.bea19:000745,"If I had this house, I would decorat it in modern stayl.",clear_error,incorrect,"If I had this house, I would decorate it in a modern style.",4,Arabic;German;Malayalam;Unknown,"If I had this house, I would decorate it in a modern style.","If I had this house, I would decorate it in a modern style.",True,"If I had this house, I would decorate it in a modern style.","If I had this house, I would decorate it in a modern style.",True,"If I had this house, I would decorate it in a modern style.","If I had this house, I would decorate it in a modern style.",True,"If I had this house, I would decorate it in modern style.","If I had this house, I would decorate it in modern style.",False,2,Yes,3,Yes,,,,Yes
B.dev.gold.bea19:001010,The more people you will meet the more easy it will become for you to find a friend.,clear_error,incorrect,"The more people you meet, the easier it will become for you to find a friend.",4,Arabic;German;Malayalam;Unknown,"The more people you meet, the more easy it will become to find a friend.","The more people you meet, the more easy it will become to find a friend.",False,"The more people you meet, the more easy it will become to find a friend.","The more people you meet, the more easy it will become to find a friend.",False,"The more people you meet, the easier it will become to find a friend.","The more people you meet, the easier it will become to find a friend.",False,"The more people you meet, the more easy it will become to find a friend.","The more people you meet, the more easy it will become to find a friend.",False,2,Yes,0,No,,,,Yes
B.dev.gold.bea19:000640,"As more and more people choose to live in cities, nowadays our cities become larger and more crowded.",clear_error,incorrect,"As more and more people choose to live in cities, nowadays, our cities are becoming larger and more crowded.",4,Arabic;German;Malayalam;Unknown,"Nowadays, as more and more people choose to live in cities, our cities become larger and more crowded.","Nowadays, as more and more people choose to live in cities, our cities become larger and more crowded.",False,"Nowadays, as more and more people choose to live in cities, our cities become larger and more crowded.","Nowadays, as more and more people choose to live in cities, our cities become larger and more crowded.",False,"As more and more people choose to live in cities, our cities are now becoming larger and more crowded.","As more and more people choose to live in cities, our cities are now becoming larger and more crowded.",False,"As more and more people choose to live in cities, our cities are now becoming larger and more crowded.","As more and more people choose to live in cities, our cities are now becoming larger and more crowded.",False,2,Yes,0,No,,,,Yes
B.dev.gold.bea19:001285,All the household nearby the public road throws the dirty things easily and even don't bother about the order of the municipality.,clear_error,incorrect,All the households nearby the public road throw dirty things away easily and don't even bother about the order of the municipality.,4,Arabic;German;Malayalam;Unknown,All the households near the public road throw the dirty things easily and don't bother about the order of the municipality.,All the households near the public road throw the dirty things easily and don't bother about the order of the municipality.,False,All the households near the public road throw the dirty things easily and don't even bother about the order of the municipality.,All the households near the public road throw the dirty things easily and don't even bother about the order of the municipality.,False,All the households nearby the public road throw the dirty things easily and don't bother about the order of the municipality.,All the households nearby the public road throw the dirty things easily and don't bother about the order of the municipality.,False,All the households nearby the public road throw the dirty things easily and don't bother about the order of the municipality.,All the households nearby the public road throw the dirty things easily and don't bother about the order of the municipality.,False,3,Yes,0,No,,,,Yes
