candidate_rank,sentence_id,block_number,source_file,original_tokenized,original,gold_tokenized,gold_correction,token_count,status,edit_count,error_types,possible_context_dependency,possible_name_or_entity,automatic_filter_reasons,manual_intelligible,manual_context_independent,manual_pii_safe,manual_category,manual_exclude_reason,manual_notes
1,B.dev.gold.bea19:000245,245,B.dev.gold.bea19.m2,When I work anything I feel that I have the world in my hand so I can do anything for people .,When I work anything I feel that I have the world in my hand so I can do anything for people.,"When I work , I feel that I have the world in my hand , so I can do anything for people .","When I work, I feel that I have the world in my hand, so I can do anything for people.",22,incorrect,2,M:PUNCT;R:OTHER,1,0,,,,,,,
2,B.dev.gold.bea19:000513,513,B.dev.gold.bea19.m2,Some people even blame them for they occupy the seats instead of offer the seat .,Some people even blame them for they occupy the seats instead of offer the seat.,Some people even criticise them for occupying the seats instead of offering the seats to someone else .,Some people even criticise them for occupying the seats instead of offering the seats to someone else.,16,incorrect,5,R:OTHER;R:VERB;R:VERB:FORM;U:PRON,1,0,,,,,,,
3,B.dev.gold.bea19:000486,486,B.dev.gold.bea19.m2,Moreover navy wars were represented in order to celebrate Roman army .,Moreover navy wars were represented in order to celebrate Roman army.,"In addition , naval wars were represented in order to celebrate the Roman army .","In addition, naval wars were represented in order to celebrate the Roman army.",12,incorrect,3,M:DET;R:OTHER,0,0,,,,,,,
4,B.dev.gold.bea19:000493,493,B.dev.gold.bea19.m2,Everybody needs a mode of transport to earn their daily living .,Everybody needs a mode of transport to earn their daily living.,Everybody needs a mode of transport to earn their living .,Everybody needs a mode of transport to earn their living.,12,incorrect,1,U:ADJ,0,0,,,,,,,
5,B.dev.gold.bea19:001165,1165,B.dev.gold.bea19.m2,"That is a good quality of mine , I learn thing very fast and I also can get used to new thing .","That is a good quality of mine, I learn thing very fast and I also can get used to new thing.",That is a good quality of mine ; I learn things very fast and I can also get used to new things .,That is a good quality of mine; I learn things very fast and I can also get used to new things.,23,incorrect,4,R:NOUN:NUM;R:PUNCT;R:WO,1,0,,,,,,,
6,B.dev.gold.bea19:000206,206,B.dev.gold.bea19.m2,Working for them was a real pleasure .,Working for them was a real pleasure.,Working for them was a real pleasure .,Working for them was a real pleasure.,8,correct,0,,0,0,,,,,,,
7,B.dev.gold.bea19:000216,216,B.dev.gold.bea19.m2,"Second , the teachers were really good skills to teach .","Second, the teachers were really good skills to teach.","Second , the teachers had really good teaching skills .","Second, the teachers had really good teaching skills.",11,incorrect,2,R:OTHER;R:VERB,0,0,,,,,,,
8,B.dev.gold.bea19:000672,672,B.dev.gold.bea19.m2,"First , we listened to some songs , such as almost and big big world .","First, we listened to some songs, such as almost and big big world.","First , we listened to some songs , such as "" Almost "" and "" Big Big World "" .","First, we listened to some songs, such as""Almost""and""Big Big World"".",16,incorrect,2,R:OTHER,0,0,,,,,,,
9,B.dev.gold.bea19:000107,107,B.dev.gold.bea19.m2,"Well , the airport is located just outside Reus , it 's small but it has a lot of servicies and transport .","Well, the airport is located just outside Reus, it's small but it has a lot of servicies and transport.","Well , the airport is located just outside Reus . It 's small but it has a lot of services and transport .","Well, the airport is located just outside Reus. It's small but it has a lot of services and transport.",23,incorrect,2,R:PUNCT;R:SPELL,1,0,,,,,,,
10,B.dev.gold.bea19:000163,163,B.dev.gold.bea19.m2,Given is a diagram introducing the procedures of making bank notes .,Given is a diagram introducing the procedures of making bank notes.,Given is a diagram introducing the procedures for making bank notes .,Given is a diagram introducing the procedures for making bank notes.,12,incorrect,1,R:PREP,0,0,,,,,,,
11,B.dev.gold.bea19:001010,1010,B.dev.gold.bea19.m2,The more people you will meet the more easy it will become for you to find a friend .,The more people you will meet the more easy it will become for you to find a friend.,"The more people you meet , the easier it will become for you to find a friend .","The more people you meet, the easier it will become for you to find a friend.",19,incorrect,3,M:PUNCT;R:ADJ:FORM;U:VERB:TENSE,1,0,,,,,,,
12,B.dev.gold.bea19:000151,151,B.dev.gold.bea19.m2,To resolve the problem I would like to receive the batteries by express post .,To resolve the problem I would like to receive the batteries by express post.,"To resolve the problem , I would like to receive the batteries by express post .","To resolve the problem, I would like to receive the batteries by express post.",15,incorrect,1,M:PUNCT,0,0,,,,,,,
13,B.dev.gold.bea19:000705,705,B.dev.gold.bea19.m2,"Swimming has different types ; dolphin , crawl , backstroke and breast stroke .","Swimming has different types; dolphin, crawl, backstroke and breast stroke.","Swimming has different styles ; dolphin , crawl , backstroke and breast stroke .","Swimming has different styles; dolphin, crawl, backstroke and breast stroke.",14,incorrect,1,R:NOUN,0,0,,,,,,,
14,B.dev.gold.bea19:001057,1057,B.dev.gold.bea19.m2,"They both knew that they love each other and they care about each other , but it was too much for him .","They both knew that they love each other and they care about each other, but it was too much for him.","They both knew that they loved each other and they cared about each other , but it was too much for him .","They both knew that they loved each other and they cared about each other, but it was too much for him.",23,incorrect,2,R:VERB:TENSE,1,0,,,,,,,
15,B.dev.gold.bea19:000668,668,B.dev.gold.bea19.m2,"Today , I went to my Winnie 's home with Adriana in the afternoon .","Today, I went to my Winnie's home with Adriana in the afternoon.","Today , I went to Winnie 's house with Adriana in the afternoon .","Today, I went to Winnie's house with Adriana in the afternoon.",15,incorrect,2,R:NOUN;U:DET,0,0,,,,,,,
16,B.dev.gold.bea19:001141,1141,B.dev.gold.bea19.m2,These are the two opinions of mine on telling the truth or not .,These are the two opinions of mine on telling the truth or not.,These are two opinions of mine on telling the truth or not .,These are two opinions of mine on telling the truth or not.,14,incorrect,1,U:DET,1,0,,,,,,,
17,B.dev.gold.bea19:001056,1056,B.dev.gold.bea19.m2,She was more than happy and he could n't handle this news .,She was more than happy and he couldn't handle this news.,She was more than happy and he could n't handle this news .,She was more than happy and he couldn't handle this news.,13,correct,0,,1,0,,,,,,,
18,B.dev.gold.bea19:001148,1148,B.dev.gold.bea19.m2,My curiosity had put me into a big trouble .,My curiosity had put me into a big trouble.,My curiosity got me into big trouble .,My curiosity got me into big trouble.,10,incorrect,3,R:VERB;U:DET;U:VERB:TENSE,0,0,,,,,,,
19,B.dev.gold.bea19:001214,1214,B.dev.gold.bea19.m2,"That is very good idea , because that robbish undergo a recycling .","That is very good idea, because that robbish undergo a recycling.","That is a very good idea , because that rubbish undergoes recycling .","That is a very good idea, because that rubbish undergoes recycling.",13,incorrect,4,M:DET;R:SPELL;R:VERB:SVA;U:DET,1,0,,,,,,,
20,B.dev.gold.bea19:000054,54,B.dev.gold.bea19.m2,He was waiting 2 hours for her .,He was waiting 2 hours for her.,He was waiting 2 hours for her .,He was waiting 2 hours for her.,8,correct,0,,1,0,,,,,,,
21,B.dev.gold.bea19:000712,712,B.dev.gold.bea19.m2,In the concert time all people can enjoy but nobody think about how they are preparing to concert .,In the concert time all people can enjoy but nobody think about how they are preparing to concert.,"During a concert everybody can enjoy themselves , but nobody thinks about how they prepare for a concert .","During a concert everybody can enjoy themselves, but nobody thinks about how they prepare for a concert.",19,incorrect,10,M:DET;M:PRON;M:PUNCT;R:DET;R:OTHER;R:PREP;R:VERB:SVA;R:VERB:TENSE;U:NOUN,1,0,,,,,,,
22,B.dev.gold.bea19:000303,303,B.dev.gold.bea19.m2,if you do n't like it there are many options to practise whatever sports .,if you don't like it there are many options to practise whatever sports.,"If you do n't like it , there are many options to do other sports .","If you don't like it, there are many options to do other sports.",15,incorrect,4,M:PUNCT;R:ORTH;R:OTHER;R:VERB,1,0,,,,,,,
23,B.dev.gold.bea19:000709,709,B.dev.gold.bea19.m2,I enjoyed helping at the concert which was in Antaya on October .,I enjoyed helping at the concert which was in Antaya on October.,I enjoyed helping at the concert in Antaya in October .,I enjoyed helping at the concert in Antaya in October.,13,incorrect,2,R:PREP;U:OTHER,0,0,,,,,,,
24,B.dev.gold.bea19:000469,469,B.dev.gold.bea19.m2,"Furthermore , elevation of the water level on the river helps people to realize the possibility of expanding the area of fertile lands .","Furthermore, elevation of the water level on the river helps people to realize the possibility of expanding the area of fertile lands.","Furthermore , the rise in the water level on the river helps people to realize the possibility of expanding the area of fertile lands .","Furthermore, the rise in the water level on the river helps people to realize the possibility of expanding the area of fertile lands.",24,incorrect,3,M:DET;R:NOUN;R:PREP,0,0,,,,,,,
25,B.dev.gold.bea19:001036,1036,B.dev.gold.bea19.m2,"In conclusion , I want to say that that we should keep abreast of new technologies and try to make our lives easier","In conclusion, I want to say that that we should keep abreast of new technologies and try to make our lives easier","In conclusion , I want to say that we should keep abreast of new technologies and try to make our lives easier .","In conclusion, I want to say that we should keep abreast of new technologies and try to make our lives easier.",23,incorrect,2,M:PUNCT;U:PREP,1,0,,,,,,,
26,B.dev.gold.bea19:000488,488,B.dev.gold.bea19.m2,"In my opinion it is important because it remembers our past and our traditions , which we should n't forget .","In my opinion it is important because it remembers our past and our traditions, which we shouldn't forget.","In my opinion , it is important because it reminds us of our past and our traditions , which we should n't forget .","In my opinion, it is important because it reminds us of our past and our traditions, which we shouldn't forget.",21,incorrect,2,M:PUNCT;R:OTHER,1,0,,,,,,,
27,B.dev.gold.bea19:000961,961,B.dev.gold.bea19.m2,"Secondly , another reason is the global warming because the atmosphere is much polluted .","Secondly, another reason is the global warming because the atmosphere is much polluted.","Secondly , another reason is global warming , because the atmosphere is very polluted .","Secondly, another reason is global warming, because the atmosphere is very polluted.",15,incorrect,3,M:PUNCT;R:ADV;U:DET,0,0,,,,,,,
28,B.dev.gold.bea19:000948,948,B.dev.gold.bea19.m2,Famous people are obligated to provide their life in exemplary way .,Famous people are obligated to provide their life in exemplary way.,Famous people are obligated to live their lives in an exemplary way .,Famous people are obligated to live their lives in an exemplary way.,12,incorrect,3,M:DET;R:NOUN:NUM;R:VERB,0,0,,,,,,,
29,B.dev.gold.bea19:000101,101,B.dev.gold.bea19.m2,"If you tried all the activities , you would spend a great time here , in Castelldefels !","If you tried all the activities, you would spend a great time here, in Castelldefels!","If you tried all the activities , you would have a great time here in Castelldefels !","If you tried all the activities, you would have a great time here in Castelldefels!",18,incorrect,2,R:VERB;U:PUNCT,0,0,,,,,,,
30,B.dev.gold.bea19:001201,1201,B.dev.gold.bea19.m2,"Still , they only have the daylight time to explore the maze , as when the sun goes down it becomes very dangerous .","Still, they only have the daylight time to explore the maze, as when the sun goes down it becomes very dangerous.","Still , they only had the daylight time to explore the maze , as when the sun goes down , it becomes very dangerous .","Still, they only had the daylight time to explore the maze, as when the sun goes down, it becomes very dangerous.",24,incorrect,2,M:PUNCT;R:VERB:TENSE,1,0,,,,,,,
31,B.dev.gold.bea19:000903,903,B.dev.gold.bea19.m2,"Dear Mrs Kate Ashby ,","Dear Mrs Kate Ashby,","Dear Mrs Kate Ashby ,","Dear Mrs Kate Ashby,",5,correct,0,,0,1,,,,,,,
32,B.dev.gold.bea19:000693,693,B.dev.gold.bea19.m2,Inside will be full of conveniences .,Inside will be full of conveniences.,"Inside they , will be full of conveniences .","Inside they, will be full of conveniences.",7,incorrect,2,M:PRON;M:PUNCT,0,0,,,,,,,
33,B.dev.gold.bea19:000552,552,B.dev.gold.bea19.m2,Not all people like the idea of Googlemobile .,Not all people like the idea of Googlemobile.,Not all people like the idea of Googlemobile .,Not all people like the idea of Googlemobile.,9,correct,0,,0,0,,,,,,,
34,B.dev.gold.bea19:000578,578,B.dev.gold.bea19.m2,"Everyone lives in despair , but can not find the entrance to brightness .","Everyone lives in despair, but can not find the entrance to brightness.","Everyone will live in despair , but be unable to find the entrance to brightness .","Everyone will live in despair, but be unable to find the entrance to brightness.",14,incorrect,2,R:OTHER;R:VERB:TENSE,0,0,,,,,,,
35,B.dev.gold.bea19:001097,1097,B.dev.gold.bea19.m2,DOING EXCERCISE IS GOOD FOR YOURE HEALTH,DOING EXCERCISE IS GOOD FOR YOURE HEALTH,DOING EXERCISE IS GOOD FOR YOUR HEALTH,DOING EXERCISE IS GOOD FOR YOUR HEALTH,7,incorrect,2,R:SPELL,0,0,,,,,,,
36,B.dev.gold.bea19:000645,645,B.dev.gold.bea19.m2,"For a passenger , however , travelling is a complete relax .","For a passenger, however, travelling is a complete relax.","For a passenger , however , travelling is completely relaxing .","For a passenger, however, travelling is completely relaxing.",12,incorrect,3,R:MORPH;R:VERB:FORM;U:DET,0,0,,,,,,,
37,B.dev.gold.bea19:001188,1188,B.dev.gold.bea19.m2,"This rarely fragments of life without an eye of a camera should be an opportunity to live like normal , not famous people .","This rarely fragments of life without an eye of a camera should be an opportunity to live like normal, not famous people.","These rare fragments of life without the eye of a camera should be an opportunity to live like normal , non - famous people .","These rare fragments of life without the eye of a camera should be an opportunity to live like normal, non - famous people.",24,incorrect,4,R:DET;R:MORPH;R:OTHER,1,0,,,,,,,
38,B.dev.gold.bea19:001259,1259,B.dev.gold.bea19.m2,"The most important thing for Bart is to be the most popular student in his school , for this reason he is always misbehaving .","The most important thing for Bart is to be the most popular student in his school, for this reason he is always misbehaving.",The most important thing for Bart is to be the most popular student in his school . For this reason he is always misbehaving .,The most important thing for Bart is to be the most popular student in his school. For this reason he is always misbehaving.,25,incorrect,1,R:PUNCT,1,0,,,,,,,
39,B.dev.gold.bea19:001266,1266,B.dev.gold.bea19.m2,It was one dreary rainy Sunday morning .,It was one dreary rainy Sunday morning.,"It was one dreary , rainy Sunday morning .","It was one dreary, rainy Sunday morning.",8,incorrect,1,M:PUNCT,1,0,,,,,,,
40,B.dev.gold.bea19:000990,990,B.dev.gold.bea19.m2,I 've worked as social trainer and as educators since I was 16 .,I've worked as social trainer and as educators since I was 16.,I 've worked as a social trainer and as an educator since I was 16 .,I've worked as a social trainer and as an educator since I was 16.,14,incorrect,3,M:DET;R:NOUN:NUM,0,0,,,,,,,
41,B.dev.gold.bea19:000847,847,B.dev.gold.bea19.m2,It is because of high taxes on goods .,It is because of high taxes on goods.,It is because of high taxes on goods .,It is because of high taxes on goods.,9,correct,0,,1,0,,,,,,,
42,B.dev.gold.bea19:000934,934,B.dev.gold.bea19.m2,"The interior is big , so all the class could stay inside without problems .","The interior is big, so all the class could stay inside without problems.","The interior is big , so all the class could be inside without problems .","The interior is big, so all the class could be inside without problems.",15,incorrect,1,R:VERB,0,0,,,,,,,
43,B.dev.gold.bea19:000309,309,B.dev.gold.bea19.m2,Something that made me happy was to see my family .,Something that made me happy was to see my family.,Something that made me happy was seeing my family .,Something that made me happy was seeing my family.,11,incorrect,1,R:VERB:FORM,1,0,,,,,,,
44,B.dev.gold.bea19:000606,606,B.dev.gold.bea19.m2,"On the one hand , holidays are the best for people in terms of thinking clearly their experinces about life .","On the one hand, holidays are the best for people in terms of thinking clearly their experinces about life.","On the one hand , holidays are the best for people in terms of thinking clearly about their experiences in life .","On the one hand, holidays are the best for people in terms of thinking clearly about their experiences in life.",21,incorrect,3,M:PREP;R:PREP;R:SPELL,0,0,,,,,,,
45,B.dev.gold.bea19:000530,530,B.dev.gold.bea19.m2,Television also takes away from family time .,Television also takes away from family time.,Television also takes away from family time .,Television also takes away from family time.,8,correct,0,,0,0,,,,,,,
46,B.dev.gold.bea19:000063,63,B.dev.gold.bea19.m2,He said he was drunk and did n't know what he was saying .,He said he was drunk and didn't know what he was saying.,He said he was drunk and did n't know what he was saying .,He said he was drunk and didn't know what he was saying.,14,correct,0,,1,0,,,,,,,
47,B.dev.gold.bea19:000733,733,B.dev.gold.bea19.m2,"Regarding advertisement , technology is having a huge , and not always possitive impact on outdoor advertisement .","Regarding advertisement, technology is having a huge, and not always possitive impact on outdoor advertisement.","Regarding advertising , technology is having a huge and not always positive impact on outdoor advertising .","Regarding advertising, technology is having a huge and not always positive impact on outdoor advertising.",18,incorrect,4,R:MORPH;R:SPELL;U:PUNCT,0,0,,,,,,,
48,B.dev.gold.bea19:000361,361,B.dev.gold.bea19.m2,"Communicating can be achieved , regardless of distance , through Facebook and Twitter .","Communicating can be achieved, regardless of distance, through Facebook and Twitter.","Communicating can be achieved , regardless of distance , through Facebook and Twitter .","Communicating can be achieved, regardless of distance, through Facebook and Twitter.",14,correct,0,,0,0,,,,,,,
49,B.dev.gold.bea19:001245,1245,B.dev.gold.bea19.m2,"Firstly , Spain is a great place for holidays in summer .","Firstly, Spain is a great place for holidays in summer.","First , Spain is a great place for holidays in summer .","First, Spain is a great place for holidays in summer.",12,incorrect,1,R:MORPH,0,0,,,,,,,
50,B.dev.gold.bea19:000710,710,B.dev.gold.bea19.m2,I had a great time with people who are working as a helper for the concert .,I had a great time with people who are working as a helper for the concert.,I had a great time with people working as a helper at the concert .,I had a great time with people working as a helper at the concert.,17,incorrect,2,R:PREP;U:OTHER,0,0,,,,,,,
51,B.dev.gold.bea19:000864,864,B.dev.gold.bea19.m2,but all these factors are not important for me .,but all these factors are not important for me.,But all these factors are not important to me .,But all these factors are not important to me.,10,incorrect,2,R:ORTH;R:PREP,1,0,,,,,,,
52,B.dev.gold.bea19:000624,624,B.dev.gold.bea19.m2,"On the other hand , there are some issues such as the increase of danger on the roads .","On the other hand, there are some issues such as the increase of danger on the roads.","On the other hand , there are some issues such as the increase of danger on the roads .","On the other hand, there are some issues such as the increase of danger on the roads.",19,correct,0,,0,0,,,,,,,
53,B.dev.gold.bea19:000302,302,B.dev.gold.bea19.m2,So if you are starting this sport you have to do it because you really like it .,So if you are starting this sport you have to do it because you really like it.,"So , if you are starting this sport , you should do it because you will really like it .","So, if you are starting this sport, you should do it because you will really like it.",18,incorrect,4,M:PUNCT;M:VERB:TENSE;R:VERB,1,0,,,,,,,
54,B.dev.gold.bea19:000862,862,B.dev.gold.bea19.m2,Also many people choose movies because they like soundtracks and special effects .,Also many people choose movies because they like soundtracks and special effects.,"Also , many people choose movies because they like soundtracks and special effects .","Also, many people choose movies because they like soundtracks and special effects.",13,incorrect,1,M:PUNCT,1,0,,,,,,,
55,B.dev.gold.bea19:000676,676,B.dev.gold.bea19.m2,"After having tea , we play hide - and - seek altogether in Winnie 's garden .","After having tea, we play hide - and - seek altogether in Winnie's garden.","After having tea , we played hide - and - seek together in Winnie 's garden .","After having tea, we played hide - and - seek together in Winnie's garden.",17,incorrect,2,R:ADV;R:VERB:TENSE,0,0,,,,,,,
56,B.dev.gold.bea19:000868,868,B.dev.gold.bea19.m2,She was with her mum ..,She was with her mum..,She was with her mum . .,She was with her mum..,6,incorrect,1,R:ORTH,1,0,,,,,,,
57,B.dev.gold.bea19:000358,358,B.dev.gold.bea19.m2,"Unsurprisingly , social consequences of Facebook and Twitter plays an important role in communication , regardless of distance or time .","Unsurprisingly, social consequences of Facebook and Twitter plays an important role in communication, regardless of distance or time.","Unsurprisingly , the social consequences of Facebook and Twitter play an important role in communication , regardless of distance or time .","Unsurprisingly, the social consequences of Facebook and Twitter play an important role in communication, regardless of distance or time.",21,incorrect,2,M:DET;R:VERB:SVA,0,0,,,,,,,
58,B.dev.gold.bea19:000254,254,B.dev.gold.bea19.m2,"Although I am a young girl , I think I am a quialified person for the post .","Although I am a young girl, I think I am a quialified person for the post.","Although I am a young girl , I think I am a qualified person for the post .","Although I am a young girl, I think I am a qualified person for the post.",18,incorrect,1,R:SPELL,0,0,,,,,,,
59,B.dev.gold.bea19:001052,1052,B.dev.gold.bea19.m2,"Her voice , her smile and even her body was to wrong on this moment .","Her voice, her smile and even her body was to wrong on this moment.","Her voice , her smile and even her body was wrong on this moment .","Her voice, her smile and even her body was wrong on this moment.",16,incorrect,1,U:VERB:FORM,1,0,,,,,,,
60,B.dev.gold.bea19:000808,808,B.dev.gold.bea19.m2,There you will see bus stations in the street .,There you will see bus stations in the street.,There you will see bus stops in the street .,There you will see bus stops in the street.,10,incorrect,1,R:OTHER,0,0,,,,,,,
61,B.dev.gold.bea19:000149,149,B.dev.gold.bea19.m2,"The delivery was wrong , so now I am a huge hurry because I need my mobile to work every day .","The delivery was wrong, so now I am a huge hurry because I need my mobile to work every day.","The delivery was wrong , so now I am in a huge hurry because I need my mobile to work every day .","The delivery was wrong, so now I am in a huge hurry because I need my mobile to work every day.",22,incorrect,1,M:PREP,0,0,,,,,,,
62,B.dev.gold.bea19:000511,511,B.dev.gold.bea19.m2,"Priority seats , are preserved to those who need , not only elders but also some adult need it .","Priority seats, are preserved to those who need, not only elders but also some adult need it.","Priority seats are reserved for those who need them , not only elderly people but also some adults need them .","Priority seats are reserved for those who need them, not only elderly people but also some adults need them.",20,incorrect,7,M:PRON;R:NOUN:NUM;R:OTHER;R:PREP;R:PRON;R:VERB;U:PUNCT,1,0,,,,,,,
63,B.dev.gold.bea19:000515,515,B.dev.gold.bea19.m2,"In my opinion , the transportation in our city have nothing to criticize expect that .","In my opinion, the transportation in our city have nothing to criticize expect that.","In my opinion , the transportation in our city has nothing to criticize expect that .","In my opinion, the transportation in our city has nothing to criticize expect that.",16,incorrect,1,R:VERB:SVA,1,0,,,,,,,
64,B.dev.gold.bea19:000960,960,B.dev.gold.bea19.m2,"In addition , these people need to have public transport for travelling around the country and city .","In addition, these people need to have public transport for travelling around the country and city.","In addition , these people need to have public transport for travelling around the country and city .","In addition, these people need to have public transport for travelling around the country and city.",18,correct,0,,1,0,,,,,,,
65,B.dev.gold.bea19:001107,1107,B.dev.gold.bea19.m2,"Is there any future to public transport , for travelling by car is much more convenient ?","Is there any future to public transport, for travelling by car is much more convenient?",Is there no future for public transport because travelling by car is much more convenient ?,Is there no future for public transport because travelling by car is much more convenient?,17,incorrect,4,R:DET;R:PREP;U:PUNCT,0,0,,,,,,,
66,B.dev.gold.bea19:000949,949,B.dev.gold.bea19.m2,"However , they still being ordinary people , they make mistakes .","However, they still being ordinary people, they make mistakes.","However , they are still ordinary people , and they make mistakes .","However, they are still ordinary people, and they make mistakes.",12,incorrect,2,M:CONJ;R:OTHER,1,0,,,,,,,
67,B.dev.gold.bea19:000717,717,B.dev.gold.bea19.m2,When we were arranging concert plan we made work sharing for all of us .,When we were arranging concert plan we made work sharing for all of us.,When we were arranging the concert plan we did work sharing for all of us .,When we were arranging the concert plan we did work sharing for all of us.,15,incorrect,2,M:DET;R:VERB,0,0,,,,,,,
68,B.dev.gold.bea19:000432,432,B.dev.gold.bea19.m2,Why will I recommend this to you ?,Why will I recommend this to you?,Why would I recommend this to you ?,Why would I recommend this to you?,8,incorrect,1,R:VERB:TENSE,1,0,,,,,,,
69,B.dev.gold.bea19:000374,374,B.dev.gold.bea19.m2,Mostly Facebook users expect their friend to respond or pay attention on what they are doing .,Mostly Facebook users expect their friend to respond or pay attention on what they are doing.,"Mostly , Facebook users expect their friends to respond or pay attention to what they are doing .","Mostly, Facebook users expect their friends to respond or pay attention to what they are doing.",17,incorrect,3,M:PUNCT;R:NOUN:NUM;R:PREP,1,1,,,,,,,
70,B.dev.gold.bea19:000745,745,B.dev.gold.bea19.m2,"If I had this house , I would decorat it in modern stayl .","If I had this house, I would decorat it in modern stayl.","If I had this house , I would decorate it in a modern style .","If I had this house, I would decorate it in a modern style.",14,incorrect,3,M:DET;R:SPELL,1,0,,,,,,,
71,B.dev.gold.bea19:000586,586,B.dev.gold.bea19.m2,"It is just something that I had to do , not you , not her , me .","It is just something that I had to do, not you, not her, me.","It is just something that I had to do , not you , not her , me .","It is just something that I had to do, not you, not her, me.",18,correct,0,,1,0,,,,,,,
72,B.dev.gold.bea19:000252,252,B.dev.gold.bea19.m2,I am writing with reference to the post of job as a camp monitor that you require in summer .,I am writing with reference to the post of job as a camp monitor that you require in summer.,I am writing with reference to the job as the camp monitor that you require in the summer .,I am writing with reference to the job as the camp monitor that you require in the summer.,20,incorrect,3,M:DET;R:DET;U:OTHER,1,0,,,,,,,
73,B.dev.gold.bea19:000260,260,B.dev.gold.bea19.m2,Instead I believe it is an advantage .,Instead I believe it is an advantage.,"Instead , I believe it is an advantage .","Instead, I believe it is an advantage.",8,incorrect,1,M:PUNCT,1,0,,,,,,,
74,B.dev.gold.bea19:001105,1105,B.dev.gold.bea19.m2,I recommend you to practise any sport you like and enjoy every second you spend exercising .,I recommend you to practise any sport you like and enjoy every second you spend exercising.,I recommend you practise any sport you like and enjoy every second you spend exercising .,I recommend you practise any sport you like and enjoy every second you spend exercising.,17,incorrect,1,U:VERB:FORM,0,0,,,,,,,
75,B.dev.gold.bea19:000619,619,B.dev.gold.bea19.m2,"Cycling to school , to work or to do any other activity it is not a common habit in Spain .","Cycling to school, to work or to do any other activity it is not a common habit in Spain.","Cycling to school , to work or to do any other activity is not a common habit in Spain .","Cycling to school, to work or to do any other activity is not a common habit in Spain.",21,incorrect,1,U:PRON,1,0,,,,,,,
76,B.dev.gold.bea19:000232,232,B.dev.gold.bea19.m2,It reveals that our feelings cross the boundaries of all cultures and we are connected to each other .,It reveals that our feelings cross the boundaries of all cultures and we are connected to each other.,It reveals that our feelings cross the boundaries of all cultures and we are connected to each other .,It reveals that our feelings cross the boundaries of all cultures and we are connected to each other.,19,correct,0,,1,0,,,,,,,
77,B.dev.gold.bea19:000234,234,B.dev.gold.bea19.m2,"I am 20 years old , living in Port - Said , Egypt .","I am 20 years old, living in Port - Said, Egypt.","I am 20 years old , and I live in Port - Said , Egypt .","I am 20 years old, and I live in Port - Said, Egypt.",14,incorrect,2,M:OTHER;R:VERB:FORM,0,0,,,,,,,
78,B.dev.gold.bea19:000062,62,B.dev.gold.bea19.m2,He followed and apoligized her .,He followed and apoligized her.,He followed and apologized to her .,He followed and apologized to her.,6,incorrect,1,R:OTHER,1,0,,,,,,,
79,B.dev.gold.bea19:000640,640,B.dev.gold.bea19.m2,"As more and more people choose to live in cities , nowadays our cities become larger and more crowded .","As more and more people choose to live in cities, nowadays our cities become larger and more crowded.","As more and more people choose to live in cities , nowadays , our cities are becoming larger and more crowded .","As more and more people choose to live in cities, nowadays, our cities are becoming larger and more crowded.",20,incorrect,2,M:PUNCT;R:VERB:TENSE,0,0,,,,,,,
80,B.dev.gold.bea19:000173,173,B.dev.gold.bea19.m2,"If the partially damaged sheets are bad , they will be treated as bad sheets , which will be securely distoryed .","If the partially damaged sheets are bad, they will be treated as bad sheets, which will be securely distoryed.","If the partially damaged sheets are bad , they will be treated as bad sheets , which will be securely destroyed .","If the partially damaged sheets are bad, they will be treated as bad sheets, which will be securely destroyed.",22,incorrect,1,R:SPELL,1,0,,,,,,,
81,B.dev.gold.bea19:000463,463,B.dev.gold.bea19.m2,As soon as the last river ends the southern border of Egypt is here .,As soon as the last river ends the southern border of Egypt is here.,"As soon as the last river ends , the southern border of Egypt is here .","As soon as the last river ends, the southern border of Egypt is here.",15,incorrect,1,M:PUNCT,0,0,,,,,,,
82,B.dev.gold.bea19:000002,2,B.dev.gold.bea19.m2,I haven't written you for ages but I was very busy because of the exams at the University .,I haven't written you for ages but I was very busy because of the exams at the University.,I haven't written to you for ages because I was very busy because of the exams at University .,I haven't written to you for ages because I was very busy because of the exams at University.,19,incorrect,3,M:PREP;R:OTHER;U:DET,0,0,,,,,,,
83,B.dev.gold.bea19:000551,551,B.dev.gold.bea19.m2,So people will be able to avoid traffic jams .,So people will be able to avoid traffic jams.,So people will be able to avoid traffic jams .,So people will be able to avoid traffic jams.,10,correct,0,,0,0,,,,,,,
84,B.dev.gold.bea19:000144,144,B.dev.gold.bea19.m2,"Dear Sir / Madam ,","Dear Sir / Madam,","Dear Sir / Madam ,","Dear Sir / Madam,",5,correct,0,,0,1,,,,,,,
85,B.dev.gold.bea19:000405,405,B.dev.gold.bea19.m2,What a lovely weather today !,What a lovely weather today!,What lovely weather today !,What lovely weather today!,6,incorrect,1,U:DET,0,0,,,,,,,
86,B.dev.gold.bea19:000519,519,B.dev.gold.bea19.m2,TV has much benefits :,TV has much benefits:,TV has many benefits :,TV has many benefits:,5,incorrect,1,R:ADJ,0,0,,,,,,,
87,B.dev.gold.bea19:000784,784,B.dev.gold.bea19.m2,However the fact is that there is a countdown on them .,However the fact is that there is a countdown on them.,"However , the fact is that there is a countdown on them .","However, the fact is that there is a countdown on them.",12,incorrect,2,M:PUNCT;UNK,1,0,,,,,,,
88,B.dev.gold.bea19:001285,1285,B.dev.gold.bea19.m2,All the household nearby the public road throws the dirty things easily and even do n't bother about the order of the municipality .,All the household nearby the public road throws the dirty things easily and even don't bother about the order of the municipality.,All the households nearby the public road throw dirty things away easily and do n't even bother about the order of the municipality .,All the households nearby the public road throw dirty things away easily and don't even bother about the order of the municipality.,24,incorrect,7,M:ADV;R:MORPH;R:NOUN:NUM;R:WO;U:DET;UNK,0,0,,,,,,,
89,B.dev.gold.bea19:000435,435,B.dev.gold.bea19.m2,"So stop searching for the right sport , this one is for you !","So stop searching for the right sport, this one is for you!",So stop searching for the right sport . This one is for you !,So stop searching for the right sport. This one is for you!,14,incorrect,1,R:PUNCT,1,0,,,,,,,
90,B.dev.gold.bea19:001001,1001,B.dev.gold.bea19.m2,However there are brilliant games for children .,However there are brilliant games for children.,"However , there are brilliant games for children .","However, there are brilliant games for children.",8,incorrect,1,M:PUNCT,0,0,,,,,,,
91,B.dev.gold.bea19:000517,517,B.dev.gold.bea19.m2,Television is an important part of modern culture .,Television is an important part of modern culture.,Television is an important part of modern culture .,Television is an important part of modern culture.,9,correct,0,,0,0,,,,,,,
92,B.dev.gold.bea19:000518,518,B.dev.gold.bea19.m2,"We depend on television for entertainment , education , news and films","We depend on television for entertainment, education, news and films","We depend on television for entertainment , education , news and films .","We depend on television for entertainment, education, news and films.",12,incorrect,1,M:PUNCT,0,0,,,,,,,
93,B.dev.gold.bea19:000433,433,B.dev.gold.bea19.m2,It would definitely help you to grow and improve as a person .,It would definitely help you to grow and improve as a person.,It would definitely help you to grow and improve as a person .,It would definitely help you to grow and improve as a person.,13,correct,0,,1,0,,,,,,,
94,B.dev.gold.bea19:000856,856,B.dev.gold.bea19.m2,"Furthermore , books develops imagination of reader .","Furthermore, books develops imagination of reader.","Furthermore , books develop the imagination of the reader .","Furthermore, books develop the imagination of the reader.",8,incorrect,3,M:DET;R:VERB:SVA,0,0,,,,,,,
95,B.dev.gold.bea19:000993,993,B.dev.gold.bea19.m2,I had a very great memories of these experiences and I would really like to live them again .,I had a very great memories of these experiences and I would really like to live them again.,I have really great memories of these experiences and I would really like to relive them .,I have really great memories of these experiences and I would really like to relive them.,19,incorrect,4,R:ADV;R:OTHER;R:VERB:TENSE;U:DET,1,0,,,,,,,
96,B.dev.gold.bea19:000226,226,B.dev.gold.bea19.m2,I am keen on cinema thus I love to watch all types of fims .,I am keen on cinema thus I love to watch all types of fims.,I am keen on cinema and I love to watch all types of films .,I am keen on cinema and I love to watch all types of films.,15,incorrect,2,R:OTHER;R:SPELL,0,0,,,,,,,
97,B.dev.gold.bea19:000445,445,B.dev.gold.bea19.m2,There are many ecological islands .,There are many ecological islands.,There are many ecological islands .,There are many ecological islands.,6,incorrect,1,UNK,0,0,,,,,,,
98,B.dev.gold.bea19:000340,340,B.dev.gold.bea19.m2,this case causes some problems where the lecturer mentioned the failure of federal government to stop illegal immigration to USA through Nevada desert .,this case causes some problems where the lecturer mentioned the failure of federal government to stop illegal immigration to USA through Nevada desert.,This causes some problems where the lecturer mentioned the failure of federal government to stop illegal immigration to the USA through the Nevada desert .,This causes some problems where the lecturer mentioned the failure of federal government to stop illegal immigration to the USA through the Nevada desert.,24,incorrect,5,M:DET;R:ORTH;U:NOUN;UNK,1,0,,,,,,,
99,B.dev.gold.bea19:000741,741,B.dev.gold.bea19.m2,"But , technology is hre for best or worst , and we have to learn to deal with it the best we can .","But, technology is hre for best or worst, and we have to learn to deal with it the best we can.","But , technology is here for better or worse , and we have to learn to deal with it the best we can .","But, technology is here for better or worse, and we have to learn to deal with it the best we can.",24,incorrect,3,R:ADJ:FORM;R:SPELL,1,0,,,,,,,
100,B.dev.gold.bea19:000821,821,B.dev.gold.bea19.m2,"Firstly , we can discuss type of food we want to eat .","Firstly, we can discuss type of food we want to eat.","Firstly , we can discuss the type of food we want to eat .","Firstly, we can discuss the type of food we want to eat.",13,incorrect,1,M:DET,0,0,,,,,,,
101,B.dev.gold.bea19:001011,1011,B.dev.gold.bea19.m2,"When you find one spend time with them , share views , ideas and go out with them .","When you find one spend time with them, share views, ideas and go out with them.","When you find one , spend time with them , share views , ideas and go out with them .","When you find one, spend time with them, share views, ideas and go out with them.",19,incorrect,1,M:PUNCT,0,0,,,,,,,
102,B.dev.gold.bea19:000325,325,B.dev.gold.bea19.m2,My uncle Juan lives in United States of America and I was very to hug him because I miss him a lot .,My uncle Juan lives in United States of America and I was very to hug him because I miss him a lot.,My uncle Juan lives in the United States of America and I was very to hug him because I miss him a lot .,My uncle Juan lives in the United States of America and I was very to hug him because I miss him a lot.,23,incorrect,1,M:DET,0,1,,,,,,,
103,B.dev.gold.bea19:000967,967,B.dev.gold.bea19.m2,We are living in a ever changing world .,We are living in a ever changing world.,We are living in an ever changing world .,We are living in an ever changing world.,9,incorrect,1,R:DET,0,0,,,,,,,
104,B.dev.gold.bea19:000187,187,B.dev.gold.bea19.m2,We want a happy Earth .,We want a happy Earth.,We want a happy Earth .,We want a happy Earth.,6,correct,0,,0,0,,,,,,,
105,B.dev.gold.bea19:000452,452,B.dev.gold.bea19.m2,Our planet is in such a difficult situation that we have to take over the problem .,Our planet is in such a difficult situation that we have to take over the problem.,Our planet is in such a difficult situation that we have to take over the problem .,Our planet is in such a difficult situation that we have to take over the problem.,17,incorrect,1,UNK,1,0,,,,,,,
106,B.dev.gold.bea19:001063,1063,B.dev.gold.bea19.m2,Such as after swimming that I have a safe and a bathroom to take shower .,Such as after swimming that I have a safe and a bathroom to take shower.,"For example , after swimming , I have a safe and a bathroom to take a shower .","For example, after swimming, I have a safe and a bathroom to take a shower.",16,incorrect,5,M:DET;M:PUNCT;R:OTHER;U:DET,1,0,,,,,,,
107,B.dev.gold.bea19:000064,64,B.dev.gold.bea19.m2,Then he hugged her .,Then he hugged her.,Then he hugged her .,Then he hugged her.,5,correct,0,,1,0,,,,,,,
108,B.dev.gold.bea19:000248,248,B.dev.gold.bea19.m2,And what are the benefits of work and study ?,And what are the benefits of work and study?,And what are the benefits of work and study ?,And what are the benefits of work and study?,10,correct,0,,0,0,,,,,,,
109,B.dev.gold.bea19:000331,331,B.dev.gold.bea19.m2,Other students who may have family financial support prefer to hire an apartments to live independently,Other students who may have family financial support prefer to hire an apartments to live independently,"Other students , who may have family financial support , prefer to hire an apartment to live independently .","Other students, who may have family financial support, prefer to hire an apartment to live independently.",16,incorrect,4,M:PUNCT;R:NOUN:NUM,0,0,,,,,,,
110,B.dev.gold.bea19:000215,215,B.dev.gold.bea19.m2,"Working collaboratively is , in fact , the most interesting way of learning any subject even English .","Working collaboratively is, in fact, the most interesting way of learning any subject even English.","Working collaboratively is , in fact , the most interesting way of learning any subject , even English .","Working collaboratively is, in fact, the most interesting way of learning any subject, even English.",18,incorrect,1,M:PUNCT,0,0,,,,,,,
111,B.dev.gold.bea19:000136,136,B.dev.gold.bea19.m2,"Finally , learning another language gives the learner the ability to step inside the mind and context of that other culture .","Finally, learning another language gives the learner the ability to step inside the mind and context of that other culture.","Finally , learning another language gives the learner the ability to step inside the mind and context of that other culture .","Finally, learning another language gives the learner the ability to step inside the mind and context of that other culture.",22,correct,0,,1,0,,,,,,,
112,B.dev.gold.bea19:000165,165,B.dev.gold.bea19.m2,Peple should decide the background colour and thw artwork while they have to consider the security issues .,Peple should decide the background colour and thw artwork while they have to consider the security issues.,People should decide the background colour and the artwork and they have to consider the security issues .,People should decide the background colour and the artwork and they have to consider the security issues.,18,incorrect,3,R:OTHER;R:SPELL,1,0,,,,,,,
113,B.dev.gold.bea19:000342,342,B.dev.gold.bea19.m2,"In conclusion , federal government which give freedom and powerful , cause many problems such as no single policy and confusion in the responsibility .","In conclusion, federal government which give freedom and powerful, cause many problems such as no single policy and confusion in the responsibility.","In conclusion , federal government , which gives freedom and power , causes many problems , such as no single policy and confusion over responsibility .","In conclusion, federal government, which gives freedom and power, causes many problems, such as no single policy and confusion over responsibility.",25,incorrect,7,M:PUNCT;R:MORPH;R:PREP;R:VERB:SVA;U:DET,0,0,,,,,,,
114,B.dev.gold.bea19:000698,698,B.dev.gold.bea19.m2,Every house will be flexible .,Every house will be flexible.,Every house will be flexible .,Every house will be flexible.,6,correct,0,,0,0,,,,,,,
115,B.dev.gold.bea19:000282,282,B.dev.gold.bea19.m2,More reasons and detail will be shed light on in the following paragraphs .,More reasons and detail will be shed light on in the following paragraphs.,More reasons and details will be shed light on in the following paragraphs .,More reasons and details will be shed light on in the following paragraphs.,14,incorrect,1,R:NOUN:NUM,1,0,,,,,,,
116,B.dev.gold.bea19:001013,1013,B.dev.gold.bea19.m2,The Guardian is a British daily newspaper which includes national and international news .,The Guardian is a British daily newspaper which includes national and international news.,The Guardian is a British daily newspaper which includes national and international news .,The Guardian is a British daily newspaper which includes national and international news.,14,correct,0,,0,1,,,,,,,
117,B.dev.gold.bea19:000339,339,B.dev.gold.bea19.m2,"Also , the reading passage declares that even the federal government let each state function independently , it still control on the main decisions .","Also, the reading passage declares that even the federal government let each state function independently, it still control on the main decisions.","Also , the reading passage declares that even though the federal government lets each state function independently , it still controls the main decisions .","Also, the reading passage declares that even though the federal government lets each state function independently, it still controls the main decisions.",25,incorrect,4,M:PREP;R:VERB:SVA;U:PREP,1,0,,,,,,,
118,B.dev.gold.bea19:000636,636,B.dev.gold.bea19.m2,"As we all know , the more public transport passengers use , the less car exhausts are emitted per person .","As we all know, the more public transport passengers use, the less car exhausts are emitted per person.","As we all know , the more passengers use public transport , the less car exhaust is emitted per person .","As we all know, the more passengers use public transport, the less car exhaust is emitted per person.",21,incorrect,3,R:NOUN:NUM;R:VERB:SVA;R:WO,0,0,,,,,,,
119,B.dev.gold.bea19:000057,57,B.dev.gold.bea19.m2,When Mel came she looked gorgeous .,When Mel came she looked gorgeous.,When Mel came she looked gorgeous .,When Mel came she looked gorgeous.,7,correct,0,,1,1,,,,,,,
120,B.dev.gold.bea19:000174,174,B.dev.gold.bea19.m2,"In conclusion , the diagram gives a quite explicit process of making bank notes .","In conclusion, the diagram gives a quite explicit process of making bank notes.","In conclusion , the diagram gives the quite precise process of making bank notes .","In conclusion, the diagram gives the quite precise process of making bank notes.",15,incorrect,2,R:ADJ;R:DET,0,0,,,,,,,
121,B.dev.gold.bea19:000690,690,B.dev.gold.bea19.m2,What an unfoggetable day !,What an unfoggetable day!,What an unforgettable day !,What an unforgettable day!,5,incorrect,1,R:SPELL,0,0,,,,,,,
122,B.dev.gold.bea19:000320,320,B.dev.gold.bea19.m2,It does not have too much to do but there were the falls .,It does not have too much to do but there were the falls.,"It does not have very much to do , but there were the falls .","It does not have very much to do, but there were the falls.",14,incorrect,2,M:PUNCT;R:ADV,1,0,,,,,,,
123,B.dev.gold.bea19:000567,567,B.dev.gold.bea19.m2,"From newspapers , magazines , even foreign medium , we can easily figure out that our environment is changing severely .","From newspapers, magazines, even foreign medium, we can easily figure out that our environment is changing severely.","From newspapers , magazines , even foreign media , we can easily figure out that our environment is changing severely .","From newspapers, magazines, even foreign media, we can easily figure out that our environment is changing severely.",21,incorrect,2,R:NOUN:NUM;UNK,1,0,,,,,,,
124,B.dev.gold.bea19:000573,573,B.dev.gold.bea19.m2,"The higher temperature enhance , the worst the living quality is .","The higher temperature enhance, the worst the living quality is.","The higher the temperature increase , the worse the quality of life is .","The higher the temperature increase, the worse the quality of life is.",12,incorrect,4,M:DET;R:ADJ:FORM;R:NOUN;R:OTHER,0,0,,,,,,,
125,B.dev.gold.bea19:000464,464,B.dev.gold.bea19.m2,The Nile river is the origin of the ancient Egyptian civilization that counts over 6 thousand years .,The Nile river is the origin of the ancient Egyptian civilization that counts over 6 thousand years.,"The Nile river is the origin of the ancient Egyptian civilization , which is over 6 thousand years old .","The Nile river is the origin of the ancient Egyptian civilization, which is over 6 thousand years old.",18,incorrect,4,M:ADJ;M:PUNCT;R:DET;R:VERB,1,1,,,,,,,
126,B.dev.gold.bea19:000607,607,B.dev.gold.bea19.m2,People can review their decisions in holidays more accurate and helpful .,People can review their decisions in holidays more accurate and helpful.,People can review their decisions during holidays more accurately and helpfully .,People can review their decisions during holidays more accurately and helpfully.,12,incorrect,3,R:MORPH;R:PREP,0,0,,,,,,,
127,B.dev.gold.bea19:001195,1195,B.dev.gold.bea19.m2,The poster of the film already offered a sense of intrigue and mystery which made me take the decision to watch this film .,The poster of the film already offered a sense of intrigue and mystery which made me take the decision to watch this film.,"The poster of the film already offered a sense of intrigue and mystery , which made me take the decision to watch this film .","The poster of the film already offered a sense of intrigue and mystery, which made me take the decision to watch this film.",24,incorrect,1,M:PUNCT,1,0,,,,,,,
128,B.dev.gold.bea19:001043,1043,B.dev.gold.bea19.m2,He tried to understand what 's going on with him .,He tried to understand what's going on with him.,He tried to understand what was going on with him .,He tried to understand what was going on with him.,11,incorrect,1,R:CONTR,1,0,,,,,,,
129,B.dev.gold.bea19:001087,1087,B.dev.gold.bea19.m2,So everybody is gon na try to enforce the laws .,So everybody is gon na try to enforce the laws.,So everybody is going to try to enforce the laws .,So everybody is going to try to enforce the laws.,11,incorrect,1,R:VERB,0,0,,,,,,,
130,B.dev.gold.bea19:000105,105,B.dev.gold.bea19.m2,I 'm writing to tell you the best way to arrive at Salou .,I'm writing to tell you the best way to arrive at Salou.,I 'm writing to tell you the best way to get to Salou .,I'm writing to tell you the best way to get to Salou.,14,incorrect,2,R:PREP;R:VERB,0,0,,,,,,,
131,B.dev.gold.bea19:001173,1173,B.dev.gold.bea19.m2,We found a pharmacy and a restroom where we could get a rest and take a shower to clean ourselves .,We found a pharmacy and a restroom where we could get a rest and take a shower to clean ourselves.,We found a pharmacy and a restroom where we could have a rest and take a shower to clean ourselves .,We found a pharmacy and a restroom where we could have a rest and take a shower to clean ourselves.,21,incorrect,1,R:VERB,0,0,,,,,,,
132,B.dev.gold.bea19:000664,664,B.dev.gold.bea19.m2,"I worked in an Easter camp too and I have already prepared lot of ativities , like "" rappel "" , paintball ...","I worked in an Easter camp too and I have already prepared lot of ativities, like""rappel"", paintball...","I have worked in an Easter camp too , and I have already organised a lot of activities , like "" rappel "" , paintball ...","I have worked in an Easter camp too, and I have already organised a lot of activities, like""rappel"", paintball...",23,incorrect,5,M:DET;M:PUNCT;M:VERB:TENSE;R:SPELL;R:VERB,0,0,,,,,,,
133,B.dev.gold.bea19:001007,1007,B.dev.gold.bea19.m2,Nothing is impossible in life but not doubt it is not easy to find sincere friends .,Nothing is impossible in life but not doubt it is not easy to find sincere friends.,"Nothing is impossible in life , but it is not easy to find sincere friends .","Nothing is impossible in life, but it is not easy to find sincere friends.",17,incorrect,2,M:PUNCT;U:OTHER,1,0,,,,,,,
134,B.dev.gold.bea19:000877,877,B.dev.gold.bea19.m2,So she took a deep breath and put her doll in the attic just like her childhood memories .,So she took a deep breath and put her doll in the attic just like her childhood memories.,"So she took a deep breath and put her doll in the attic , just like her childhood memories .","So she took a deep breath and put her doll in the attic, just like her childhood memories.",19,incorrect,1,M:PUNCT,1,0,,,,,,,
135,B.dev.gold.bea19:000007,7,B.dev.gold.bea19.m2,"When the concert finished , we went to cloakroom to get signatures from musicians .","When the concert finished, we went to cloakroom to get signatures from musicians.","When the concert finished , we went to the dressing room to get autographs from musicians .","When the concert finished, we went to the dressing room to get autographs from musicians.",15,incorrect,3,M:DET;R:NOUN,0,0,,,,,,,
136,B.dev.gold.bea19:000235,235,B.dev.gold.bea19.m2,I am a student in the 3rd year of the faculty of medicine Port - Said University .,I am a student in the 3rd year of the faculty of medicine Port - Said University.,I am a student in the 3rd year of the faculty of medicine at Port - Said University .,I am a student in the 3rd year of the faculty of medicine at Port - Said University.,18,incorrect,1,M:PREP,0,1,,,,,,,
137,B.dev.gold.bea19:001133,1133,B.dev.gold.bea19.m2,"To further illustrate the first point above , could hurt one 's feelings by telling the truth at all time .","To further illustrate the first point above, could hurt one's feelings by telling the truth at all time.","To further illustrate the first point above , that you could hurt someone 's feelings by telling the truth at all times .","To further illustrate the first point above, that you could hurt someone's feelings by telling the truth at all times.",21,incorrect,4,M:DET;M:PRON;R:NOUN:NUM;R:OTHER,1,0,,,,,,,
138,B.dev.gold.bea19:001005,1005,B.dev.gold.bea19.m2,Friends should be like a shadow always beside you .,Friends should be like a shadow always beside you.,Friends should be like a shadow always beside you .,Friends should be like a shadow always beside you.,10,correct,0,,0,0,,,,,,,
139,B.dev.gold.bea19:001038,1038,B.dev.gold.bea19.m2,"This day was full of joy and happiness , but something went wrong after when she told him that she is pregnant .","This day was full of joy and happiness, but something went wrong after when she told him that she is pregnant.","This day was full of joy and happiness , but something went wrong when she told him that she was pregnant .","This day was full of joy and happiness, but something went wrong when she told him that she was pregnant.",23,incorrect,2,R:VERB:TENSE;U:PREP,1,0,,,,,,,
140,B.dev.gold.bea19:000032,32,B.dev.gold.bea19.m2,I really like to explore nature during summer too .,I really like to explore nature during summer too.,I really like to explore nature during summer too .,I really like to explore nature during summer too.,10,correct,0,,0,0,,,,,,,
141,B.dev.gold.bea19:000701,701,B.dev.gold.bea19.m2,Swimming is my favourite sport .,Swimming is my favourite sport.,Swimming is my favourite sport .,Swimming is my favourite sport.,6,correct,0,,0,0,,,,,,,
142,B.dev.gold.bea19:000417,417,B.dev.gold.bea19.m2,Hockey as a life style,Hockey as a life style,Hockey as a lifestyle,Hockey as a lifestyle,5,incorrect,1,R:ORTH,0,0,,,,,,,
143,B.dev.gold.bea19:001241,1241,B.dev.gold.bea19.m2,So excited to see you !,So excited to see you!,So excited to see you !,So excited to see you!,6,correct,0,,0,0,,,,,,,
144,B.dev.gold.bea19:000546,546,B.dev.gold.bea19.m2,"But , probably , this situation is only period of development of transport .","But, probably, this situation is only period of development of transport.","But , probably , this situation is only the period of development of transport .","But, probably, this situation is only the period of development of transport.",14,incorrect,1,M:DET,1,0,,,,,,,
145,B.dev.gold.bea19:000526,526,B.dev.gold.bea19.m2,TV can help introduce youth to classic Hollywood films and foreign movies that they might not otherwise see .,TV can help introduce youth to classic Hollywood films and foreign movies that they might not otherwise see.,TV can help introduce young people to classic Hollywood films and foreign movies that they might not otherwise see .,TV can help introduce young people to classic Hollywood films and foreign movies that they might not otherwise see.,19,incorrect,1,R:OTHER,1,0,,,,,,,
146,B.dev.gold.bea19:000436,436,B.dev.gold.bea19.m2,"As far as I 'm concerned , public transportation is the best transport media for environmental care .","As far as I'm concerned, public transportation is the best transport media for environmental care.","As far as I 'm concerned , public transportation is the best means of transport for the environment .","As far as I'm concerned, public transportation is the best means of transport for the environment.",18,incorrect,2,R:OTHER,0,0,,,,,,,
147,B.dev.gold.bea19:001271,1271,B.dev.gold.bea19.m2,Who would have even bothered to pay me a visit during this bloody awful weather ?,Who would have even bothered to pay me a visit during this bloody awful weather?,Who would have even bothered to pay me a visit during this bloody awful weather ?,Who would have even bothered to pay me a visit during this bloody awful weather?,16,correct,0,,1,0,,,,,,,
148,B.dev.gold.bea19:000560,560,B.dev.gold.bea19.m2,Or do you want to be a polyglot ?,Or do you want to be a polyglot?,Or do you want to be a polyglot ?,Or do you want to be a polyglot?,9,correct,0,,0,0,,,,,,,
149,B.dev.gold.bea19:000020,20,B.dev.gold.bea19.m2,There are a lot of products which have to be announced and a lot of messages to report to people .,There are a lot of products which have to be announced and a lot of messages to report to people.,There are a lot of products which have to be advertised and a lot of messages to report to people .,There are a lot of products which have to be advertised and a lot of messages to report to people.,21,incorrect,1,R:VERB,0,0,,,,,,,
150,B.dev.gold.bea19:000125,125,B.dev.gold.bea19.m2,"On the other hand , I have the theoretical knowledge to use new the technologies this great project requires .","On the other hand, I have the theoretical knowledge to use new the technologies this great project requires.","On the other hand , I have the theoretical knowledge to use the new technologies this great project requires .","On the other hand, I have the theoretical knowledge to use the new technologies this great project requires.",20,incorrect,1,R:WO,1,0,,,,,,,
