sentence_id,block_number,source_file,original,token_count,status,automatic_filter_reasons
B.dev.gold.bea19:000001,1,B.dev.gold.bea19.m2,Dear Paul!,3,correct,too_few_alphabetic_words;too_short
B.dev.gold.bea19:000003,3,B.dev.gold.bea19.m2,"What about you?What's new in Brazil?As you know, my friend John asked me to help him with the organization at the concert, which was performed last month.",31,incorrect,too_long
B.dev.gold.bea19:000008,8,B.dev.gold.bea19.m2,"I felt like a star!Crowded of people were waiting in front of the cloakroom for the signatures, but only me and my sweety girlfriend got them.",28,incorrect,too_long
B.dev.gold.bea19:000010,10,B.dev.gold.bea19.m2,Next time I would like to do something similar and you should try it as well. You will earn nice money and you have cultural experience.,28,incorrect,too_long
B.dev.gold.bea19:000013,13,B.dev.gold.bea19.m2,John,1,correct,too_few_alphabetic_words;too_short
B.dev.gold.bea19:000018,18,B.dev.gold.bea19.m2,"On one hand, it's true that one programme or series which we see, has a lot of mentions to products or services.",26,incorrect,too_long
B.dev.gold.bea19:000023,23,B.dev.gold.bea19.m2,"In one add there are, for example, the publicist's work, the companies investments, future sales, the product or service's life...",28,incorrect,too_long
B.dev.gold.bea19:000027,27,B.dev.gold.bea19.m2,Yes it is true that during summer the temperature is very hot and you can rarely stay near the sun because you finish t be burn by the sun.,30,incorrect,too_long
B.dev.gold.bea19:000029,29,B.dev.gold.bea19.m2,During summer I love to go to the beach and having sunbathing with my friends other than getting fun with them playing volleyball or run inside the water of the sea!,32,incorrect,too_long
B.dev.gold.bea19:000036,36,B.dev.gold.bea19.m2,"I'm eighteen years old and I'm doing a languages translation degree at university at the moment, that's why I need to work in order to pay my fee.",33,incorrect,too_long
B.dev.gold.bea19:000038,38,B.dev.gold.bea19.m2,Also I've just got my FCE certificate this year but it would help me a lot if I practised my English in a native country.,27,incorrect,too_long
B.dev.gold.bea19:000039,39,B.dev.gold.bea19.m2,"I consider myself really active, sociable, well - organized and above all patient, therefore I think I'm suitable for this job as I can adapt myself easily at any kind of situation or environment, especially working overseas plus it would be a nice experience because I would meet new people and a different culture.",60,incorrect,too_long
B.dev.gold.bea19:000041,41,B.dev.gold.bea19.m2,"Yours faithfully,",3,correct,too_few_alphabetic_words;too_short
B.dev.gold.bea19:000042,42,B.dev.gold.bea19.m2,Teresa Wysocki,2,correct,too_few_alphabetic_words;too_short
B.dev.gold.bea19:000081,81,B.dev.gold.bea19.m2,Gliding in the waves,4,correct,too_short
B.dev.gold.bea19:000083,83,B.dev.gold.bea19.m2,"The sensation of being embraced by the water, feeling the body quite without weigh, able to do a lot of movement that are impossible while in the air, is a wonderful state of mind.",38,incorrect,too_long
B.dev.gold.bea19:000086,86,B.dev.gold.bea19.m2,"If you are not a good swimmer, you lose the big part of pleasure of enjoying the water, both in the sea or in pool.",28,incorrect,too_long
B.dev.gold.bea19:000088,88,B.dev.gold.bea19.m2,"I recommend that you don't have to give up before trying, because is fairly simple and it can gives a lot of satisfactions!",26,incorrect,too_long
B.dev.gold.bea19:000090,90,B.dev.gold.bea19.m2,·Introduction,1,correct,too_few_alphabetic_words;too_short
B.dev.gold.bea19:000092,92,B.dev.gold.bea19.m2,·Activities to kill time,4,incorrect,too_short
B.dev.gold.bea19:000093,93,B.dev.gold.bea19.m2,"As our town is well - known for our magnificul beaches along the Mediterranean coast and for the Olympic Canal of Castelldefels, many foreign or local people come here to do activities like kitesurfing and windsurfing on the beah or canoening and aquatic skiing on the Olympic Canal.",50,incorrect,too_long
B.dev.gold.bea19:000097,97,B.dev.gold.bea19.m2,"In Castelldefels, there are other activities less popular, but cheaper, for instance: free zumba masterclass, yoga beach, running... as sports activities, and as social activities there are library group, theatre...",40,incorrect,too_long
B.dev.gold.bea19:000098,98,B.dev.gold.bea19.m2,"As I said, these activities are not as popular as the activities of the Olympic Canal and the beach, but their success is increasing more and more.",30,incorrect,too_long
B.dev.gold.bea19:000099,99,B.dev.gold.bea19.m2,·Recommendation,1,correct,too_few_alphabetic_words;too_short
B.dev.gold.bea19:000100,100,B.dev.gold.bea19.m2,"So, finally I suggest that it would be a great idea to combine the different types of activities, both popular and the newest.",26,incorrect,too_long
B.dev.gold.bea19:000102,102,B.dev.gold.bea19.m2,"Hi Jane,",3,correct,too_few_alphabetic_words;too_short
B.dev.gold.bea19:000114,114,B.dev.gold.bea19.m2,This is my address: 4 Spruce avenue.,9,correct,possible_pii_address
B.dev.gold.bea19:000118,118,B.dev.gold.bea19.m2,"Best Regards,",3,correct,too_few_alphabetic_words;too_short
B.dev.gold.bea19:000119,119,B.dev.gold.bea19.m2,Mary,1,correct,too_few_alphabetic_words;too_short
B.dev.gold.bea19:000126,126,B.dev.gold.bea19.m2,I am also able to lead the operations of the project responsibly and through a team work to achieve the objective and to continue with the prestige that your company has.,32,incorrect,too_long
B.dev.gold.bea19:000127,127,B.dev.gold.bea19.m2,"My work experience is very outstanding due to I had the privilege of belonging to the""Minera El Teniente""as shift manager, Chief of operations at""Minera Andina""and at the evaluation department of CODELCO projects.",42,incorrect,too_long
B.dev.gold.bea19:000132,132,B.dev.gold.bea19.m2,Guillermo Sedillo Tórrez,3,correct,too_short
B.dev.gold.bea19:000133,133,B.dev.gold.bea19.m2,"Nowadays there are many people that are learning foreign language, for me is a good thing that more people learn this, but is it worth learning a foreign language?",32,incorrect,too_long
B.dev.gold.bea19:000134,134,B.dev.gold.bea19.m2,"Firstly, there are more multinational companies that need people to speak other languages, so that means that the people who know to speak foreign language have more opportunities to get a job in important companies, or will have more chances of being promoted.",47,incorrect,too_long
B.dev.gold.bea19:000135,135,B.dev.gold.bea19.m2,"On the other hand, are more benefits, for example, if you want to travel to another a country is very useful to know a different language, because you can understand all without complications.",38,incorrect,too_long
B.dev.gold.bea19:000137,137,B.dev.gold.bea19.m2,"Today globalization is bringing the world more close, that means that there are more possibilities to have contact with the other cultures, for example in literature, poetry, films, TV programs, music or some other aspect of the culture.",45,incorrect,too_long
B.dev.gold.bea19:000138,138,B.dev.gold.bea19.m2,"On balance, learning foreign languages is very positive on different aspect, so if you have the positivity of learning a new language do it, because it will bring you many benefits.",35,incorrect,too_long
B.dev.gold.bea19:000139,139,B.dev.gold.bea19.m2,A LETTER OF COMPLAINT,4,correct,too_short
B.dev.gold.bea19:000140,140,B.dev.gold.bea19.m2,Julio Camarillo,2,correct,too_few_alphabetic_words;too_short
B.dev.gold.bea19:000141,141,B.dev.gold.bea19.m2,Montano avenue nº2,3,correct,too_short
B.dev.gold.bea19:000142,142,B.dev.gold.bea19.m2,Post Code 10237 Cáceres,4,correct,too_short
B.dev.gold.bea19:000143,143,B.dev.gold.bea19.m2,"August, 23rd 2014",4,correct,too_few_alphabetic_words;too_short
B.dev.gold.bea19:000156,156,B.dev.gold.bea19.m2,"Yours faithfully,",3,correct,too_few_alphabetic_words;too_short
B.dev.gold.bea19:000157,157,B.dev.gold.bea19.m2,Julio Camarillo,2,correct,too_few_alphabetic_words;too_short
B.dev.gold.bea19:000158,158,B.dev.gold.bea19.m2,The aim of this report is to evaluate both bad effects and good effects from the users'opinions in the Active Leisure Club in the last time.,27,incorrect,too_long
B.dev.gold.bea19:000159,159,B.dev.gold.bea19.m2,"First, people in this area have actually found a suitable place to enjoy their time through a wide range of activities, games which are held creatively and effectively and have been suitable for different ages.",38,incorrect,too_long
B.dev.gold.bea19:000160,160,B.dev.gold.bea19.m2,"Besides, it has enough modern facilities to serve the users in the peak hours and the guiders are everywhere and ready give a help.",26,incorrect,too_long
B.dev.gold.bea19:000162,162,B.dev.gold.bea19.m2,"With the purpose to actract more peole to join in the club, besises its good points, I will highly recommend that they should arrange the time suitably and avoi they hold the acivities to avoid the problems",39,incorrect,too_long
B.dev.gold.bea19:000172,172,B.dev.gold.bea19.m2,"As for good quality sheets and partially damaged sheets but still good, people will cut them separately and pack them together in order to dispacting and distributing the bank notes.",32,incorrect,too_long
B.dev.gold.bea19:000175,175,B.dev.gold.bea19.m2,"Eventhough it seems to be easy to make them, but every steps needs people to be very careful in order to produce the perfect bank notes for everyone.",30,incorrect,too_long
B.dev.gold.bea19:000177,177,B.dev.gold.bea19.m2,Beginings,1,correct,too_few_alphabetic_words;too_short
B.dev.gold.bea19:000178,178,B.dev.gold.bea19.m2,"Everything began a few years before, when Alfred, The Major, read an article about the importance of the surroundings in health and happinness of people.",29,incorrect,too_long
B.dev.gold.bea19:000180,180,B.dev.gold.bea19.m2,A concerned population,3,correct,too_short
B.dev.gold.bea19:000181,181,B.dev.gold.bea19.m2,"While youngsters use their time trying to get concerned the oldest people from de village about the importance of the care of our surroundings, middle - aged people planted many trees around the village and cleaned the floor of our public places making a more attractive place to live than we used to have.",56,incorrect,too_long
B.dev.gold.bea19:000182,182,B.dev.gold.bea19.m2,Easy recycling,2,correct,too_few_alphabetic_words;too_short
B.dev.gold.bea19:000183,183,B.dev.gold.bea19.m2,Local authorities helped this initiative creating some places for people to leave their rubbish in order to be taken to the recycling center with the purpose of giving a new life to our waste.,35,incorrect,too_long
B.dev.gold.bea19:000184,184,B.dev.gold.bea19.m2,The results,2,correct,too_few_alphabetic_words;too_short
B.dev.gold.bea19:000186,186,B.dev.gold.bea19.m2,"People now is worried about the future of our planet and an association has been created in order to promote the care of our planet, Green Planet is called.",31,incorrect,too_long
B.dev.gold.bea19:000188,188,B.dev.gold.bea19.m2,"Hello Luis Blanco,",4,correct,too_short
B.dev.gold.bea19:000191,191,B.dev.gold.bea19.m2,"For your information, we are looking for people with three years of experience in similar projects, who are engineers and also have a high team work skill.",30,incorrect,too_long
B.dev.gold.bea19:000193,193,B.dev.gold.bea19.m2,"However it's possible that we don't find enough people with that profile so, we could accept people with one year of experience.",26,incorrect,too_long
B.dev.gold.bea19:000195,195,B.dev.gold.bea19.m2,"When and where do you prefer? (Remember that I work from 8 a.m to 6 p.m) I suggest we can do the meeting at your office, so you don't have to move to another place.",41,incorrect,too_long
B.dev.gold.bea19:000196,196,B.dev.gold.bea19.m2,"Finally I need you to prepare some profiles that you think the staff of New Cloud Generation should have, and please tell me if you find another different request than I tell you before in that e - mail.",41,incorrect,too_long
B.dev.gold.bea19:000198,198,B.dev.gold.bea19.m2,Íñigo Ojeda.,3,correct,too_few_alphabetic_words;too_short
B.dev.gold.bea19:000199,199,B.dev.gold.bea19.m2,"Dear Paul,",3,correct,too_few_alphabetic_words;too_short
B.dev.gold.bea19:000200,200,B.dev.gold.bea19.m2,What's up?,4,correct,too_few_alphabetic_words;too_short
B.dev.gold.bea19:000203,203,B.dev.gold.bea19.m2,"You probably won't believe me but I met all members of Dżem band, I talked to them and we had lunch together, they're very nice men. Because of helping them I had the best place during the concert and I have their authographs on the newest record. I didn't have many duties and none of them were unpleasant.",66,incorrect,too_long
B.dev.gold.bea19:000204,204,B.dev.gold.bea19.m2,"In general I had only one duty that is checking quest list, above that I had to help in cleaning area after the concert.",26,incorrect,too_long
B.dev.gold.bea19:000208,208,B.dev.gold.bea19.m2,"Love,",2,correct,too_few_alphabetic_words;too_short
B.dev.gold.bea19:000209,209,B.dev.gold.bea19.m2,Dominika,1,correct,too_few_alphabetic_words;too_short
B.dev.gold.bea19:000210,210,B.dev.gold.bea19.m2,Report:,2,correct,too_few_alphabetic_words;too_short
B.dev.gold.bea19:000211,211,B.dev.gold.bea19.m2,The aim of this report is to give you my personal point of view of the course I did in your branch in Madrid last month.,27,incorrect,too_long
B.dev.gold.bea19:000212,212,B.dev.gold.bea19.m2,"In addition, I would like to give you some suggestions I think it would be worth it to take it into account for the next course it will take place next year.",34,incorrect,too_long
B.dev.gold.bea19:000223,223,B.dev.gold.bea19.m2,To wrap up the report just say that on the whole the course was fantastic and I am looking forward to signing it again next year.,27,incorrect,too_long
B.dev.gold.bea19:000224,224,B.dev.gold.bea19.m2,"Yours sincerely,",3,correct,too_few_alphabetic_words;too_short
B.dev.gold.bea19:000225,225,B.dev.gold.bea19.m2,Juan Orozco,2,correct,too_few_alphabetic_words;too_short
B.dev.gold.bea19:000240,240,B.dev.gold.bea19.m2,I am interested in scientific research and analyzing information so I am taking a lot of courses and training in this field as I want to be one of the greatest researchers in the world in addition to becoming a member in World Health Organization (WHO).,49,incorrect,too_long
B.dev.gold.bea19:000243,243,B.dev.gold.bea19.m2,"I believe that work is everything and experience can make miracles in our life so I chose this program as I want to learn and study, I want to know more and more.",35,incorrect,too_long
B.dev.gold.bea19:000244,244,B.dev.gold.bea19.m2,"In my childhood, my dream was to become an engineer but when I changed my career to medicine, I realized that Allah chose the best for me and for my personality.",34,incorrect,too_long
B.dev.gold.bea19:000249,249,B.dev.gold.bea19.m2,"But if you see your world and realize it well, it will be deserved from everyone to work so hard and achieve their hopes.",26,incorrect,too_long
B.dev.gold.bea19:000251,251,B.dev.gold.bea19.m2,"I like travelling and visiting new places in my country and my dream is travelling to all the countries in the world also, I attended a lot of conferences in my field so I think this program is a chance for experience which will help and inspire me for the community services and development my society as I hope to come back and teach others what I learn.",70,incorrect,too_long
B.dev.gold.bea19:000255,255,B.dev.gold.bea19.m2,"I am a preschool teacher and I have experience looking after chilren from 3 to twelve yeras old. I consired myself quite patient and fun that in my opinion, they are two qualities highly necessary for this kind of job.",43,incorrect,too_long
B.dev.gold.bea19:000263,263,B.dev.gold.bea19.m2,I enclose my curriculum vitae with my telephone number. I would be grateful if you could give me an interview at your earliest convenience.,26,correct,too_long
B.dev.gold.bea19:000267,267,B.dev.gold.bea19.m2,"Although privately oned cars are more and more popular, and they are increasingly becoming a common asset even in developing countries, it is not likely that this means of transport can be the means of transport of the future.",42,incorrect,too_long
B.dev.gold.bea19:000270,270,B.dev.gold.bea19.m2,"I would say that most probably private care are not""sustainables""in the long term, and it will be necessary to revert to some sort of public transport.",32,incorrect,too_long
B.dev.gold.bea19:000272,272,B.dev.gold.bea19.m2,"I know that it is nice to dream a future of technological people flying around, each of them with its own private small helicopter.",26,incorrect,too_long
B.dev.gold.bea19:000278,278,B.dev.gold.bea19.m2,"Even though we will have to read the timetable and to learn again to be on time, the nice old train could become important again.",27,correct,too_long
B.dev.gold.bea19:000279,279,B.dev.gold.bea19.m2,"Imagine this picture: the first class of this semester, students are yawning and do not pay attention on the teacher; while the teacher ask for the answer, students can not answer because they totally can not remember what they have studied in last semester.",49,incorrect,too_long
B.dev.gold.bea19:000280,280,B.dev.gold.bea19.m2,"Students could receive a better, more efficient education if they spend 11 months a year studying partly because of after the long vacation, students will not remember the knowledge they have learned, partly because of long vacation will let students used to have fun instead of study, and partly because of some difficult courses should be continually studying.",63,incorrect,too_long
B.dev.gold.bea19:000281,281,B.dev.gold.bea19.m2,"Therefore, I agree with the statement that students could receive a better, more efficient education if they spend 11 months a year studying.",26,incorrect,too_long
B.dev.gold.bea19:000284,284,B.dev.gold.bea19.m2,"For example, on history class, history teacher have to repeat teaching the history of North America before he start to teach the history of South America in the beginning of the semester.",35,incorrect,too_long
B.dev.gold.bea19:000290,290,B.dev.gold.bea19.m2,"For instance, learning English should be a daily education, if you have a long time without learning English, you could forget the vocabulary or the grammar.",30,incorrect,too_long
B.dev.gold.bea19:000291,291,B.dev.gold.bea19.m2,"In a nutshell, based on aforementioned, I totally I agree with the statement that students could receive a better, more efficient education if they spend 11 months a year studying.",34,incorrect,too_long
B.dev.gold.bea19:000300,300,B.dev.gold.bea19.m2,that is priceless.,4,incorrect,too_short
B.dev.gold.bea19:000328,328,B.dev.gold.bea19.m2,"In conclusion I have a perfect vacation where I saw new things, visit awesome places as Niagara Falls and Time Square, recieving a lot of presents and soecially eat a lot delicious food.",36,incorrect,too_long
B.dev.gold.bea19:000329,329,B.dev.gold.bea19.m2,"Most attending students to Universities are out of the city where they used to live, so, they need an accommodation to live through their study years.",29,incorrect,too_long
B.dev.gold.bea19:000330,330,B.dev.gold.bea19.m2,"Most universities provide cheap accommodations such as, shared rooms and dormitories to their students to lower the living costs, where most students have low income.",28,incorrect,too_long
B.dev.gold.bea19:000332,332,B.dev.gold.bea19.m2,"Sharing houses or rooms have many advantages such as, cheap, safe, close to the university, and learn how to share everything with others. saving money and time will be more Obvious in university dormitories because monthly payments will be less than four times than hiring an apartment, and because it will be closer to the university, saving money and time is more efficient by reducing transportation's costs",75,incorrect,too_long
B.dev.gold.bea19:000333,333,B.dev.gold.bea19.m2,"In spite all these benefits, I prefer- if I can - to live in an apartment where the personality is very important for me.",26,incorrect,too_long
B.dev.gold.bea19:000334,334,B.dev.gold.bea19.m2,"Many years ago, I shared a friend in a room for few months during a course outside my country, these days where I worst during my life, he was dirty, speaking loudly all time and did not share the budget of eating. living alone will grant me the freedom to live by the way that I choose and still friendly with all the others without exceed the privacy of my friends. this matter will not achieved when living in shared rooms.",88,incorrect,too_long
B.dev.gold.bea19:000335,335,B.dev.gold.bea19.m2,they annoying me,3,incorrect,too_short
B.dev.gold.bea19:000336,336,B.dev.gold.bea19.m2,"Although The federal government which is decided as a role of USA has many benefits according to reading passage, the lecturer believes that there is no perfect government.",30,incorrect,too_long
B.dev.gold.bea19:000337,337,B.dev.gold.bea19.m2,"The powerful of the federalism which has more liberty for the states to have their own policies according to their needs, is not always good for the lecture where it may create some conflicts between the states.",39,incorrect,too_long
B.dev.gold.bea19:000341,341,B.dev.gold.bea19.m2,also the control of the federal government is the reason why each of the state and the federal blame each other in the increase of the unemployment in some states,30,incorrect,too_long
B.dev.gold.bea19:000345,345,B.dev.gold.bea19.m2,In order to enjoy travelling to Mexico I would give two important advice; first try to get alone with travel companion and enjoy Mexican food instead to critic about spicy savor.,33,incorrect,too_long
B.dev.gold.bea19:000346,346,B.dev.gold.bea19.m2,"People say that in every voyage the people suffer to different moments of the trip: arrived, get away to the frustration of an unknown place, get alone with your trip companion, success as a traveler and arrived home triumphal.",44,incorrect,too_long
B.dev.gold.bea19:000349,349,B.dev.gold.bea19.m2,"As an example, if you are able to get alone with your travel companion could enjoy each moment of the trip, exchange some pictures, eat together, and visit places with common interest such as museums or malls.",42,incorrect,too_long
B.dev.gold.bea19:000352,352,B.dev.gold.bea19.m2,"For example, there are a lot of American people that doesn't like spicy food and also most of the times could get angry with the excess of pepper that the Mexican people used to use to prepare their food.",42,incorrect,too_long
B.dev.gold.bea19:000354,354,B.dev.gold.bea19.m2,In this way the visitors would be able to enjoy Mexican food with less pepper and the same delicious savor that is so characteristic of our country.,28,incorrect,too_long
B.dev.gold.bea19:000355,355,B.dev.gold.bea19.m2,"In conclusion, I offered two important advice for visitors that coming to my country: Try to get alone with their companion in order to have fun and try to enjoy Mexican food because it is delicious!",39,incorrect,too_long
B.dev.gold.bea19:000356,356,B.dev.gold.bea19.m2,"After the Internet was invented and revealed first time in August 29th 1969, Social Media Site (SMS) is the next most significant innovation that has partly replaced for face to face communication.",36,incorrect,too_long
B.dev.gold.bea19:000359,359,B.dev.gold.bea19.m2,"However, people who use Facebook, Twitter or SMS in general, are not likely to have their own personal privacy that there is a possibility of cycle of bullying.",32,incorrect,too_long
B.dev.gold.bea19:000363,363,B.dev.gold.bea19.m2,"Firstly, Facebook and Twitter can be used when their users are in an unpleasant mood, and in where their negative feelings are expressed.",26,incorrect,too_long
B.dev.gold.bea19:000364,364,B.dev.gold.bea19.m2,"Secondly, Facebook provides the opportunity to remain in touch with daily activities from friends, making observations of relationships, maintaining one's own feeling within the network (through wall posts, pokes, messages, etc) (Oldmeadow, Quinn, & Kowert, 2013).",51,incorrect,too_long
B.dev.gold.bea19:000367,367,B.dev.gold.bea19.m2,"Knowledge about the members increases continually, and moreover, maintaining relations with other existing members, and also sharing their same interests by the social network.",28,incorrect,too_long
B.dev.gold.bea19:000371,371,B.dev.gold.bea19.m2,"However, due to this, people who are being followed, or users in general, may have less personal privacy, and also there is a high potential of being purposely aggressive toward someone.",37,incorrect,too_long
B.dev.gold.bea19:000377,377,B.dev.gold.bea19.m2,"For example, after the premier of The Hunger Game was released, a fan posted an onset racist tweet that saying that they were unhappy because one of the main actresses was performed by Black person (Rauch and Schanz, 2013).",45,incorrect,too_long
B.dev.gold.bea19:000378,378,B.dev.gold.bea19.m2,"Because of the accessible information through SMS, it has led to many problems involve with cycle - bullying, cycle - badgering, cycle - stalking behaviour (Krishna, as cited in Williams & Merten, 2008).",41,incorrect,too_long
B.dev.gold.bea19:000380,380,B.dev.gold.bea19.m2,"X""admitted to a state psychiatric hospital after being found not competent to stand trial on charges of stalking harassment, trespassing and telephone harassment""(pp.",30,incorrect,too_long
B.dev.gold.bea19:000381,381,B.dev.gold.bea19.m2,576.e1 - 576.e2).,5,correct,low_alphabetic_content;too_few_alphabetic_words
B.dev.gold.bea19:000382,382,B.dev.gold.bea19.m2,"Potentially, Facebook and Twitter, and SMS in general, may replace face to face communication and improve their functions, because people feel more freedom or enjoy using Facebook or Twitter without have to view each other appearances.",41,incorrect,too_long
B.dev.gold.bea19:000383,383,B.dev.gold.bea19.m2,"Therefore, it would be easier to be connected and keep in touch with friends within a second, rather than have to call them.",26,correct,too_long
B.dev.gold.bea19:000385,385,B.dev.gold.bea19.m2,"In addition, to decrease the risk of negative comments or posts, Facebook and Twitter would improve their futures to solve the less personal privacy problem.",28,incorrect,too_long
B.dev.gold.bea19:000387,387,B.dev.gold.bea19.m2,"However, despite the useful of these implications, people should pay attention that Facebook and Twitter could affect their social life by avoid using it most of the time.",31,incorrect,too_long
B.dev.gold.bea19:000392,392,B.dev.gold.bea19.m2,Photography classes for everyone,4,correct,too_short
B.dev.gold.bea19:000393,393,B.dev.gold.bea19.m2,Introduction,1,correct,too_few_alphabetic_words;too_short
B.dev.gold.bea19:000396,396,B.dev.gold.bea19.m2,"Also, this phenomenon of taking photographs is part of our daily life, because it is the best way to capture special moments like birthdays, travels, special ocassions, etc.",34,incorrect,too_long
B.dev.gold.bea19:000401,401,B.dev.gold.bea19.m2,The reasons,2,correct,too_few_alphabetic_words;too_short
B.dev.gold.bea19:000402,402,B.dev.gold.bea19.m2,"Recent studies show that in the last twenty years more than 3,000 photographs are taken per person in the world, especially in the latest generations lifes(teenagers and kids).",31,incorrect,too_long
B.dev.gold.bea19:000410,410,B.dev.gold.bea19.m2,People look happier.,4,correct,too_short
B.dev.gold.bea19:000437,437,B.dev.gold.bea19.m2,"In spite of some people make enough money to buy their own car, electric and hybrid cars are more expensive than traditional ones (the ones who use gas or diesel) so, people choose this ones and that's because pollution is several issue that we have to deal with.",54,incorrect,too_long
B.dev.gold.bea19:000439,439,B.dev.gold.bea19.m2,The government and many companies are measuring the CO2 emissions which are being produced by industrial or service processes that are necessary for producing goods for the social consume.,30,incorrect,too_long
B.dev.gold.bea19:000440,440,B.dev.gold.bea19.m2,"If people don't use public transportation, they could walk, ride a bike or buy a traditional car, and that will probably take place when the destiny is far from the place where you live.",39,incorrect,too_long
B.dev.gold.bea19:000442,442,B.dev.gold.bea19.m2,"I think the government will slow down the fee in public transportation, that could make people to use public transportation and caring the environment from CO2 emissions and prevent the global heating.",34,incorrect,too_long
B.dev.gold.bea19:000444,444,B.dev.gold.bea19.m2,"The city council has developed several campaigns to improve the awareness of its citizens, for example, the children learn at school how to separate the waste.",29,incorrect,too_long
B.dev.gold.bea19:000449,449,B.dev.gold.bea19.m2,"Since 2008, there are many bike paths across the city, so the citizens will be able to avoid the car and they will emit less air pollution.",30,incorrect,too_long
B.dev.gold.bea19:000477,477,B.dev.gold.bea19.m2,"Anyway, a lot of Egyptians still living far from the main water artery of the country and hardly can find the clean water to drink.",27,incorrect,too_long
B.dev.gold.bea19:000501,501,B.dev.gold.bea19.m2,"Everybody can not afford a travel through car as it is costly, but to discuss the benefits, one can enjoy high privacy during travel and is convenient",29,incorrect,too_long
B.dev.gold.bea19:000503,503,B.dev.gold.bea19.m2,To sum up with it is not appropriate to say that there is no future for public transport because both has equal advantage and disadvantages.,26,incorrect,too_long
B.dev.gold.bea19:000509,509,B.dev.gold.bea19.m2,"They don't respect other passengers, just keep laughing and teasing each other, despite the fact that some people have told them not to do this.",29,incorrect,too_long
B.dev.gold.bea19:000512,512,B.dev.gold.bea19.m2,"Somehow, not all of them can you identify whether their bodies feel uncomfortable merely from their appearance, which lead to Some misunderstanding between them.",27,incorrect,possible_pii_identifier;too_long
B.dev.gold.bea19:000514,514,B.dev.gold.bea19.m2,"Moreover, some old people would take this considerative action for granted and they would even command young adults or students offer their seat without manners!",27,incorrect,too_long
B.dev.gold.bea19:000521,521,B.dev.gold.bea19.m2,TV can act as a catalyst to get kids reading - following up on TV programs by getting books on the same subjects or reading authors whose work was adapted for the programs.,34,correct,too_long
B.dev.gold.bea19:000532,532,B.dev.gold.bea19.m2,"I deal with consulting and sales of financial products and services to an international bank, in the mass - market and small - business.",26,incorrect,too_long
B.dev.gold.bea19:000533,533,B.dev.gold.bea19.m2,"I follow the relationship with customers from acquisition to the advise until the realization of contracts, building and maintaining relationships after - sales in the aim of customer satisfaction",30,incorrect,possible_pii_identifier;too_long
B.dev.gold.bea19:000534,534,B.dev.gold.bea19.m2,"I also worked with large and small teams in back - offices, managed many administrative activities related to mortages, personal loans, contability and investments too.",29,incorrect,too_long
B.dev.gold.bea19:000535,535,B.dev.gold.bea19.m2,"I worked for several years to the acquisition of new customers, to provide them with a complete service, from the account to insurance products, investment products, personal loans, revolving credit, and cross - selling products.",42,incorrect,too_long
B.dev.gold.bea19:000536,536,B.dev.gold.bea19.m2,"In many years of work I have honed my skills in managing non - standard situations, analyzing the problem, finding and implementing practical and easy solutions.",29,incorrect,too_long
B.dev.gold.bea19:000539,539,B.dev.gold.bea19.m2,"I'm careful to meet the goals of the team in which I work, cooperating with colleagues to achieve the goals by providing my skills, always willing to learn, respecting other points of view together finding ways to deal.",43,incorrect,too_long
B.dev.gold.bea19:000542,542,B.dev.gold.bea19.m2,"I like sports such as skiing, riding and swimming. I've also got the rescue licence, I worked as a lifeguard in the summer studying for the patent padi dive master",34,incorrect,too_long
B.dev.gold.bea19:000544,544,B.dev.gold.bea19.m2,"When we see all this cars in our yards, when we stay in traffic jam, we think that one day we will have to live our car and use public transport.",34,incorrect,too_long
B.dev.gold.bea19:000554,554,B.dev.gold.bea19.m2,"But another of people think that it is not so bad idea, because they will be able to drink in spite of the fact, that they are drivers at the moment.",34,incorrect,too_long
B.dev.gold.bea19:000563,563,B.dev.gold.bea19.m2,"First, if you are planning to travel to another country, it is absolutely useful to speak local language, it makes your trip more easy and comfortable.",30,incorrect,too_long
B.dev.gold.bea19:000564,564,B.dev.gold.bea19.m2,"Second, for finding a good job opportunity, the business exchange is increasing in the intrenational level, if you speak a foreign language, certainly it adds some value on your profile and you can get a higher salary.",42,incorrect,too_long
B.dev.gold.bea19:000565,565,B.dev.gold.bea19.m2,"Third, through learning a foreign language, you don't only learn a language, at the time you are also getting know its culture, get to know a different culture and society different than yours's, it enriches your knowledge.",45,incorrect,too_long
B.dev.gold.bea19:000582,582,B.dev.gold.bea19.m2,"The undercovered work is very hard, not just because you will work with dangerous people, the really danger is if you get discovered.",26,incorrect,too_long
B.dev.gold.bea19:000594,594,B.dev.gold.bea19.m2,The job would give me the opportunity to use all the experience I have gained and what is more It would provide me new knowledge.,26,incorrect,too_long
B.dev.gold.bea19:000598,598,B.dev.gold.bea19.m2,"Yours faithfully,",3,correct,too_few_alphabetic_words;too_short
B.dev.gold.bea19:000599,599,B.dev.gold.bea19.m2,Sebastián Hernández,2,correct,too_short
B.dev.gold.bea19:000610,610,B.dev.gold.bea19.m2,"The reason is that people must complate their tasks in order to gain more money to maintain their lives and they forget about these emotional feelings such as love, helping people or thinking spiritual things.",37,incorrect,too_long
B.dev.gold.bea19:000618,618,B.dev.gold.bea19.m2,Also holidays are very helpful days in order to revive the spirit and the soul because people have a chance to move away modern life that has full of material subjects.,32,incorrect,too_long
B.dev.gold.bea19:000620,620,B.dev.gold.bea19.m2,"However, the government and the local councils of big cities such as Madrid or Valencia, are trying their best to promote this movement because they consider it a way of development.",34,incorrect,too_long
B.dev.gold.bea19:000627,627,B.dev.gold.bea19.m2,"Getting wet when it rains, having to do a lot of effort to cycle into a strong wind, freezing weather or having to keep drinking when hot weather.",31,incorrect,too_long
B.dev.gold.bea19:000628,628,B.dev.gold.bea19.m2,"In my point of view, Cycling contributes to improve community spirit and it is possible to look for solutions to face the disadvantages of this activity.",28,incorrect,too_long
B.dev.gold.bea19:000642,642,B.dev.gold.bea19.m2,"Provided that every citizen owns a car and use it rather than public transport for every travelling chance, I suppose that our streets would become a parking place and everyone would spend more time in congesting.",38,incorrect,too_long
B.dev.gold.bea19:000651,651,B.dev.gold.bea19.m2,Languages for the future,4,correct,too_short
B.dev.gold.bea19:000655,655,B.dev.gold.bea19.m2,"On the one hand it could allow you to communicate with people, know different cultures and travel around the word without the language barrier.",26,incorrect,too_long
B.dev.gold.bea19:000656,656,B.dev.gold.bea19.m2,"Also in recent years to express yourself in English, French, Germany and Russian has became something essential and very important in our lives to find a job.",30,incorrect,too_long
B.dev.gold.bea19:000659,659,B.dev.gold.bea19.m2,It seems to me that young people should spend more time studying languages because it will be profitability in the future but to achieve it the will have to be motivated and to enjoy learning.,36,incorrect,too_long
B.dev.gold.bea19:000660,660,B.dev.gold.bea19.m2,"rua francisco xavier nº3 óbidos, 25 - 4 - 2014",11,correct,possible_pii_phone
B.dev.gold.bea19:000688,688,B.dev.gold.bea19.m2,Why?,2,correct,too_few_alphabetic_words;too_short
B.dev.gold.bea19:000703,703,B.dev.gold.bea19.m2,"Well, swimming has always been an Olympic sport, it is an individual sport so it depends entirely on the swimmer's efforts, but you can also enjoy teamwork when you participate in swimming competitions.",38,incorrect,too_long
B.dev.gold.bea19:000704,704,B.dev.gold.bea19.m2,"It is a sport that requires a lot of fitness, it is a sport that can be learnt at any age but children can start to learn swimming as early as two years of age.",37,incorrect,too_long
B.dev.gold.bea19:000706,706,B.dev.gold.bea19.m2,"Swimming as a sport is very useful in wieght reduction if you are obese and need to reduce your wieght, it is also the best sport for the asthmatic patients because it strengthens the chest muscles and decreases the vulnerability of those patients to respiratory infections.",48,incorrect,too_long
B.dev.gold.bea19:000707,707,B.dev.gold.bea19.m2,"If you will start to learn swimming, choose a place that has an experienced coach, and try to be part of a group of your age.",29,incorrect,too_long
B.dev.gold.bea19:000708,708,B.dev.gold.bea19.m2,"Hello Paul,",3,correct,too_few_alphabetic_words;too_short
B.dev.gold.bea19:000716,716,B.dev.gold.bea19.m2,In the concert morning were excited and thinking about the concert and we decided do not think about the concert just do your job which would be given.,29,incorrect,too_long
B.dev.gold.bea19:000729,729,B.dev.gold.bea19.m2,I want to invite you to our next concert which will be next month if you have any time please come and see how we are preparing for the concert.,31,incorrect,too_long
B.dev.gold.bea19:000731,731,B.dev.gold.bea19.m2,See you!,3,correct,too_few_alphabetic_words;too_short
B.dev.gold.bea19:000734,734,B.dev.gold.bea19.m2,From black - and - white adds posted in public places we have moved to practically live surrounded by outdoor adds placed in every available and imaginable spot.,29,incorrect,too_long
B.dev.gold.bea19:000737,737,B.dev.gold.bea19.m2,"I''m sure that in the very near future, if I have been looking for restaurants in Mallorca in my computer or mobile at home, in my way to work the adds on the buses i will see - which of course will be screens and not printed paper - will show images of Mallorca, or an add from tripadvisor with Mallorca in it.",67,incorrect,too_long
B.dev.gold.bea19:000739,739,B.dev.gold.bea19.m2,"The way it feels aggresive to enter a square or plaza in my town and find it full of bright screens, no matter how beautiful or artistic the pictures displayed are.",33,incorrect,too_long
B.dev.gold.bea19:000740,740,B.dev.gold.bea19.m2,"Advertisement might be considered an art, or at least some pieces are really artistic, but placed on the wrong spot or showed at the wrong time they loose they artistic side.",34,incorrect,too_long
B.dev.gold.bea19:000751,751,B.dev.gold.bea19.m2,"Though I am a beginner of it, I think it's interesting since it requires a lot of skills to be a master of it, which sounds very challenging.",32,incorrect,too_long
B.dev.gold.bea19:000754,754,B.dev.gold.bea19.m2,"As the proverb goes: If you want to learn something well, you would need to get the right tools first to work on it.",27,incorrect,too_long
B.dev.gold.bea19:000756,756,B.dev.gold.bea19.m2,"Since tennis requires lots of basic skills, if you don't learn these important technical slowly and steadily, you may get hurt during the practice.",28,incorrect,too_long
B.dev.gold.bea19:000770,770,B.dev.gold.bea19.m2,Internet TV is increasing,4,correct,too_short
B.dev.gold.bea19:000779,779,B.dev.gold.bea19.m2,Summary,1,correct,too_few_alphabetic_words;too_short
B.dev.gold.bea19:000780,780,B.dev.gold.bea19.m2,TV is dying.,4,correct,too_short
B.dev.gold.bea19:000785,785,B.dev.gold.bea19.m2,"Dear Mrs Hopkins,",4,correct,too_short
B.dev.gold.bea19:000789,789,B.dev.gold.bea19.m2,"With several trips to many countries I have made until now, I would say that I have already some experience in travelling around the word.",27,incorrect,too_long
B.dev.gold.bea19:000790,790,B.dev.gold.bea19.m2,"I am interested in to join your group, because I like meeting new people from other countries and I would like to explore new countries around the world.",30,incorrect,too_long
B.dev.gold.bea19:000791,791,B.dev.gold.bea19.m2,For ten years I have been in a scout group in which I have learnt a lot about different kinds to find a way or to orientate myself in the wilderness.,32,incorrect,too_long
B.dev.gold.bea19:000794,794,B.dev.gold.bea19.m2,"Dear Steve,",3,correct,too_few_alphabetic_words;too_short
B.dev.gold.bea19:000796,796,B.dev.gold.bea19.m2,"Basically my idea is to use this trip to learn as much as possible, I mean, not only the English language but also to know more about your culture and visit nice places of your country as well.",41,incorrect,too_long
B.dev.gold.bea19:000797,797,B.dev.gold.bea19.m2,"As I told you before I can't afford to pay this trip alone, so my father will put up some money to help me.",27,incorrect,too_long
B.dev.gold.bea19:000803,803,B.dev.gold.bea19.m2,Best wishes,2,correct,too_few_alphabetic_words;too_short
B.dev.gold.bea19:000804,804,B.dev.gold.bea19.m2,João Matos,2,correct,too_short
B.dev.gold.bea19:000805,805,B.dev.gold.bea19.m2,"Hi John,",3,correct,too_few_alphabetic_words;too_short
B.dev.gold.bea19:000818,818,B.dev.gold.bea19.m2,"Best wishes,",3,correct,too_few_alphabetic_words;too_short
B.dev.gold.bea19:000819,819,B.dev.gold.bea19.m2,Jacob,1,correct,too_few_alphabetic_words;too_short
B.dev.gold.bea19:000822,822,B.dev.gold.bea19.m2,"Actually, students eat a lot fast food while they are studying at university, because they don't have time to do food, for these reasons I think that the best restaurant is somowhere when they do home - made food, and a good idea is for mains course: baked potatoes, steamed vegetables and for dessert apple cake.",64,incorrect,too_long
B.dev.gold.bea19:000823,823,B.dev.gold.bea19.m2,"On the other hand, we are studying architecture maybe we should choose a special restaurant, I like a charming and comfortable restaurant with a lot of windows, with a white chair, table and wall, more or less a relaxing environment but the atmosphere is very important for dinner and I think that we must vote this, because we will have a good night or not depending the type of atmosphere we choose.",79,incorrect,too_long
B.dev.gold.bea19:000824,824,B.dev.gold.bea19.m2,"In conclusion, I think that this type of food and atmosphere is very for us, because normally we had spoken about book, work and studies, while with this type of environment we can speak about us, our family, our hobbies and all people get to know new something about other mates.",58,incorrect,too_long
B.dev.gold.bea19:000833,833,B.dev.gold.bea19.m2,I recommend you to go to this restaurant and you definitely leave with a very good flavour in your mouth and a huge smile in your face.,28,incorrect,too_long
B.dev.gold.bea19:000835,835,B.dev.gold.bea19.m2,"However, if you do not like burgers you can eat whatever you want of American food and you will get the same fantastic opinion as a person who has eaten another meal.",34,incorrect,too_long
B.dev.gold.bea19:000837,837,B.dev.gold.bea19.m2,"More than a billion people use buses, taxi's and trains etc as tourists, for work, meeting relatives, going to school etc.",27,incorrect,too_long
B.dev.gold.bea19:000843,843,B.dev.gold.bea19.m2,2.,2,correct,low_alphabetic_content;too_few_alphabetic_words;too_short
B.dev.gold.bea19:000844,844,B.dev.gold.bea19.m2,"As they have specific routes across the country, town, city and villages, it helps people to spend less in shops or restaurants on highways or even inside the city etc.",34,correct,too_long
B.dev.gold.bea19:000845,845,B.dev.gold.bea19.m2,"I disagree with the statement stated above because in future we are likely to have only two classes in society, the rich and the poor.",27,incorrect,too_long
B.dev.gold.bea19:000879,879,B.dev.gold.bea19.m2,"She went there and thera was the doll with a knife in her hand.''Bell, why you don't play with me anymore?Are you boring of me?Just because I have only one eye?But you removed me the other one.",40,incorrect,too_long
B.dev.gold.bea19:000881,881,B.dev.gold.bea19.m2,And then...,3,correct,too_few_alphabetic_words;too_short
B.dev.gold.bea19:000898,898,B.dev.gold.bea19.m2,"Children should play games, not just tennis, because it is fun, it develops their skills, helps to physical health and so on.",27,incorrect,too_long
B.dev.gold.bea19:000902,902,B.dev.gold.bea19.m2,Enjoy!,2,correct,too_few_alphabetic_words;too_short
B.dev.gold.bea19:000904,904,B.dev.gold.bea19.m2,"My name is Andrea Cocci, I'm sixteen, and I saw the advertisement of the weekend work in your cafe, and I'm interested to work with you.",32,incorrect,too_long
B.dev.gold.bea19:000905,905,B.dev.gold.bea19.m2,"I ' m the perfect choice for this work, in fact, I'm interested in different kinds of food because I am Italian, and for us food is everything.",33,incorrect,too_long
B.dev.gold.bea19:000906,906,B.dev.gold.bea19.m2,"In Italy, I attend school for waiter and cook, and sometimes I cook lasagna, pasta, pizza and many other specialties of my country, and I was assumed in many famous restaurant.",37,incorrect,too_long
B.dev.gold.bea19:000907,907,B.dev.gold.bea19.m2,"I""m also good at dealing with people, in fact since when I was younger, I have done the animator at the summer camp of Alpignano, the city where I lived, and I spent a lot of time with children and adults.",46,incorrect,too_long
B.dev.gold.bea19:000908,908,B.dev.gold.bea19.m2,"I also worked for many theater companies and I am so good and kind when I talk with other people, also if I don't know them.",29,incorrect,too_long
B.dev.gold.bea19:000909,909,B.dev.gold.bea19.m2,"At the end, I'm also prepared to work long hours, when I worked with my aunt in his cafe, I worked from eight a.m. and I lasted at 9 p.m., it was difficult but I did it all days.",45,incorrect,too_long
B.dev.gold.bea19:000911,911,B.dev.gold.bea19.m2,Andrea Cocci,2,correct,too_few_alphabetic_words;too_short
B.dev.gold.bea19:000912,912,B.dev.gold.bea19.m2,Essay,1,correct,too_few_alphabetic_words;too_short
B.dev.gold.bea19:000918,918,B.dev.gold.bea19.m2,"However, you will have to spend a considerable amount of money in it and you will not be assured to achieve your goals at all so it would be able to become a real nightmare if you are not focus on your learning tasks.",46,incorrect,too_long
B.dev.gold.bea19:000922,922,B.dev.gold.bea19.m2,"Football, a passion",4,correct,too_short
B.dev.gold.bea19:000923,923,B.dev.gold.bea19.m2,"When I was little I had tried a lot of sports, Handball, Swimming, Tennis, but my favourite sport is not one of those, it is a sport that I have never imagine: Football.",40,incorrect,too_long
B.dev.gold.bea19:000924,924,B.dev.gold.bea19.m2,"All my life I thought that football was a sport which was for men, not for girls, but once I tried it, I loved it.",29,incorrect,too_long
B.dev.gold.bea19:000926,926,B.dev.gold.bea19.m2,"At first, when I started to play football I did it with my classmates, who where all boys, so I used to feel a little bit uncomfortable, however, some years ago, they started to intergrate me when they play, and nowadays, I love playing football with them.",56,incorrect,too_long
B.dev.gold.bea19:000927,927,B.dev.gold.bea19.m2,"Now, some women and I started to organize female matches, so I am more used to play with girls. I never imagine that I was going to be so keen on football, but now it takes part of my life.",45,incorrect,too_long
B.dev.gold.bea19:000928,928,B.dev.gold.bea19.m2,"I think football is a very exciting sport, and that everybody in the world should try it at least once in his or her life.",27,correct,too_long
B.dev.gold.bea19:000944,944,B.dev.gold.bea19.m2,"I think this is the best restaurant to go on the end of the course, so we could book some tables as soon as possible because a lot of people usually goes there.",35,incorrect,too_long
B.dev.gold.bea19:000952,952,B.dev.gold.bea19.m2,It seems to me that journalist might be absolutely toxic and they have defective infulence on society which assess celebrites through the prism of journalistic documentary.,27,incorrect,too_long
B.dev.gold.bea19:000956,956,B.dev.gold.bea19.m2,"It has ever been very useful for a long time ago, nevertheless nowadays, there are some people who ask if the public transport was suppressed, and society would save a lot of money.",37,incorrect,too_long
B.dev.gold.bea19:000957,957,B.dev.gold.bea19.m2,"However, people should think about the large advantages, such as: people save money; it is very comfortable and good for the environment.",27,incorrect,too_long
B.dev.gold.bea19:000958,958,B.dev.gold.bea19.m2,"Firstly, the main reason is the cost because the people who do not have a car they need to travel or commute to another place and a car is very expensive.",33,incorrect,too_long
B.dev.gold.bea19:000962,962,B.dev.gold.bea19.m2,"If you use the public transport, you can be less contaminating than before because there are a lot of people who travel together in only one transport.",29,incorrect,too_long
B.dev.gold.bea19:000963,963,B.dev.gold.bea19.m2,"Finally, the last reason is the comfort because you have a car; it is so difficult to find a car park in the centre of the city.",30,incorrect,too_long
B.dev.gold.bea19:000966,966,B.dev.gold.bea19.m2,"From my point of view, I get used to walking around my city and my car is just used if I travel around the country.",27,incorrect,too_long
B.dev.gold.bea19:000983,983,B.dev.gold.bea19.m2,"We need to remember technology is just a tool, in right hand it would be boon for us, in wrong hands it has power to destroy the world as we see it today.",36,incorrect,too_long
B.dev.gold.bea19:000986,986,B.dev.gold.bea19.m2,"I read your advertisement on your website and I immediately thought""That's for me, I'm the right person for this kind of job!"".",30,correct,too_long
B.dev.gold.bea19:000996,996,B.dev.gold.bea19.m2,Best regards.,3,correct,too_few_alphabetic_words;too_short
B.dev.gold.bea19:001000,1000,B.dev.gold.bea19.m2,"Concerning video - games, I agree with scientits that they thought its help children's brain to develop, but is important controller them because there are a lot violent games.",33,incorrect,too_long
B.dev.gold.bea19:001003,1003,B.dev.gold.bea19.m2,"It is very common to use the Internet in my work for research or google information and also connect whit other teachers, speak about courses and change information.",30,incorrect,too_long
B.dev.gold.bea19:001014,1014,B.dev.gold.bea19.m2,"You could find a variety of articles such as politics, Business and Money, sports, culture, education, Life and style, Travels, the weather and the Environment.",33,incorrect,too_long
B.dev.gold.bea19:001020,1020,B.dev.gold.bea19.m2,"For example, it is not suitable for children due to official Language. there were also a huge number of commercials advertisements which make the readers bored.",29,incorrect,too_long
B.dev.gold.bea19:001025,1025,B.dev.gold.bea19.m2,Sometimes then I am watching TV or I am reading newspaper I notice that gadgets become very useful for our life.It seems to me good opportunities to make our life more easily.,34,incorrect,too_long
B.dev.gold.bea19:001028,1028,B.dev.gold.bea19.m2,People do not need to carry a lot of books in a bag.Pupil could not say that he left a book because he has all books in his tablet computers,31,incorrect,too_long
B.dev.gold.bea19:001033,1033,B.dev.gold.bea19.m2,"Personally for me, I like books very much.when I at home I use books because I like to smell and to touch the paper of books.",29,incorrect,too_long
B.dev.gold.bea19:001037,1037,B.dev.gold.bea19.m2,The Big Mistake,3,correct,too_short
B.dev.gold.bea19:001045,1045,B.dev.gold.bea19.m2,"One part of him was really happy, because to be a father is his one of the biggest dream, but on the other hand he couldn't handle this news.",33,incorrect,too_long
B.dev.gold.bea19:001053,1053,B.dev.gold.bea19.m2,"She couldn't understand what's going on, because it was just three weeks ago when they had a conversation about kids and family and he said that he would like to have kids with her.",38,incorrect,too_long
B.dev.gold.bea19:001061,1061,B.dev.gold.bea19.m2,"In fact, I do not like to do some sports during the anytime, but if I really need do some exercises that I like to go to swim in the swimming pool.",35,incorrect,too_long
B.dev.gold.bea19:001068,1068,B.dev.gold.bea19.m2,"Moreover, I think before any kind of sports that we should do some exercises that is because we need to relax our bodies first. If we do not do it that we will get dangerous while we are doing any sports.",44,incorrect,too_long
B.dev.gold.bea19:001069,1069,B.dev.gold.bea19.m2,"In conclusion, my opinion is I do not like to do any sports but we need to choose one kind of sport in our life and almost all people need to do it, as we could not stay at home or working all the time.",48,incorrect,too_long
B.dev.gold.bea19:001071,1071,B.dev.gold.bea19.m2,The purpose of this report is to outline the most important actions which have been taken in our town to protect the environment as the main issue to improve our quality of life.,34,correct,too_long
B.dev.gold.bea19:001072,1072,B.dev.gold.bea19.m2,"In the first place, we need to pay attention to the fact that Caceres is located in a pasture area where local farmers have been breeding sheep, cows and pigs for centuries in spite of the hard weather conditions such as high temperatures and terrible drought in summer.",51,correct,too_long
B.dev.gold.bea19:001073,1073,B.dev.gold.bea19.m2,"As a result, our water resources are difficult to be preserved and it is clearly necessary to maintain active campaigns to raise people's awareness about the importance of a rational use of it.",36,incorrect,too_long
B.dev.gold.bea19:001074,1074,B.dev.gold.bea19.m2,The local government is also taking strong action on creating green areas in different places in or around the town where citizens can spend their free time or even do sports.,32,incorrect,too_long
B.dev.gold.bea19:001076,1076,B.dev.gold.bea19.m2,"Finally, the town has also improved the management and treatment of waste system with the active cooperation of most of the citizenship who is really concerned about the recycling of waste need.",34,incorrect,too_long
B.dev.gold.bea19:001077,1077,B.dev.gold.bea19.m2,"In fact, around 90% of Caceres inhabitants are said to sort and recycle their rubbish taking it out to the yellow, green and blue containers in every street.",31,incorrect,too_long
B.dev.gold.bea19:001078,1078,B.dev.gold.bea19.m2,"And that is the negative point, these dumpsters are too visible in town and it would be advisable to change the ones we have for underground ones.",29,incorrect,too_long
B.dev.gold.bea19:001079,1079,B.dev.gold.bea19.m2,"I woke up today and I just remember that I was doing a presentation about landscapes, and the ones that do it will reward a bonus point but anyways this isn't important information.",36,incorrect,too_long
B.dev.gold.bea19:001083,1083,B.dev.gold.bea19.m2,I think the reason why I didn't know about the explosion is because this part where I live is a very poor area and it's not that beautiful so you can't distinguish were does the explosion hit.,41,incorrect,too_long
B.dev.gold.bea19:001088,1088,B.dev.gold.bea19.m2,In the next morning I ate a piece of steak and the group was talking about some creatures that were walking around to kill and eat us.,28,incorrect,too_long
B.dev.gold.bea19:001093,1093,B.dev.gold.bea19.m2,"He bit my leg and it hurt a lot, we tried to alert the others but it was too late, it was the group or us.",29,incorrect,too_long
B.dev.gold.bea19:001096,1096,B.dev.gold.bea19.m2,But if I had the opportunity to reverse the trend of how am I going I would not do it because I have to face all of this.,29,incorrect,too_long
B.dev.gold.bea19:001100,1100,B.dev.gold.bea19.m2,"Do you know that 75% of people in Mexico, doesn't practice any type of exercise, this is a big problem to our society and is the problem number 1 of why Mexico is the country with more obese in the world.",45,incorrect,too_long
B.dev.gold.bea19:001101,1101,B.dev.gold.bea19.m2,"Doing excercise it's an important thing to do in a healthy and happy life, while you excercise you feel well with you re self an you re body.",31,incorrect,too_long
B.dev.gold.bea19:001102,1102,B.dev.gold.bea19.m2,"There's a lot of benefits that come in hand with doing excercise like reducing or take control of you re weight, it helps you with heart disease, problems with you re body, and also you can make a lot of friends while doing any exercise.",50,incorrect,too_long
B.dev.gold.bea19:001103,1103,B.dev.gold.bea19.m2,"Now days there's a lot of different types of exercising, you can practice any sport, like soccer, basketball, baseball, or you can simply go to the GYM or practise Crossfit or something like that.",41,incorrect,too_long
B.dev.gold.bea19:001104,1104,B.dev.gold.bea19.m2,"Soccer it's a great sport where you can make a lot of friends, you can stay fit, but you also need some skills because it's not easy to controll the ball and dribble you're rivals on the field.",44,incorrect,too_long
B.dev.gold.bea19:001108,1108,B.dev.gold.bea19.m2,"Many disagree about the public transport whom are to be disappearing, though we still have to deal with different opinions about increasing in travelling.",26,incorrect,too_long
B.dev.gold.bea19:001113,1113,B.dev.gold.bea19.m2,"On the website of The Scottish Government (publication""Young people and transport ""), a 12 - 14 years old boy explain « - I prefer going in the car, it's quicker...",38,incorrect,too_long
B.dev.gold.bea19:001116,1116,B.dev.gold.bea19.m2,"Indeed, cars increases the pollution, you have traffic congestion, and it is very expensive. « - On my wage, even the driving lessons are expensive.",31,incorrect,too_long
B.dev.gold.bea19:001120,1120,B.dev.gold.bea19.m2,"Now, secondly, travelling by public transport is cheaper (we don't pay any fees on public transport, but also, it is safer,",28,incorrect,too_long
B.dev.gold.bea19:001124,1124,B.dev.gold.bea19.m2,"Finally, many developed countries on the world, such as England, America, Canada, Japan and so on, have built a public transport system, so the traffic jam have been decreased.",37,incorrect,too_long
B.dev.gold.bea19:001127,1127,B.dev.gold.bea19.m2,Topic:,2,correct,too_few_alphabetic_words;too_short
B.dev.gold.bea19:001131,1131,B.dev.gold.bea19.m2,Another reason for not telling the truth all the time is if it is about personal matter and it would feel like awkward to mention to colleagues or the employer.,31,incorrect,too_long
B.dev.gold.bea19:001138,1138,B.dev.gold.bea19.m2,"The other point is when it comes to personal matters, people usually intend to keep it private since most of the time it is strange and inappropriate to talk oneself too much to people at work or even people that one just got acquainted.",46,incorrect,too_long
B.dev.gold.bea19:001139,1139,B.dev.gold.bea19.m2,"If there are questions about things one do not want other people to know, they might say a little white lie which usually does not matter too much.",30,incorrect,too_long
B.dev.gold.bea19:001140,1140,B.dev.gold.bea19.m2,"If I was having a day off to go to a doctor, I would prefer other people from asking details about it by say that I just had some errands to run.",34,incorrect,too_long
B.dev.gold.bea19:001155,1155,B.dev.gold.bea19.m2,"Although, one day later the headmaster found out the truth through CCTV, but we refused to return to the school and decided to change a new school as we know even if we go back this time, similar cases could happen next time.",47,incorrect,too_long
B.dev.gold.bea19:001159,1159,B.dev.gold.bea19.m2,"I consider I am the right person for this job because, firstly, I speak fluent and clear English which is very important to communicate.",27,incorrect,too_long
B.dev.gold.bea19:001160,1160,B.dev.gold.bea19.m2,"Also, I have a good relation with little kids, I use to look after my nieces and nephews over the weekends and they love spending time with me. moreover I am very energetic, always awake and ready to work hard.",45,incorrect,too_long
B.dev.gold.bea19:001161,1161,B.dev.gold.bea19.m2,"Furthermore, I am very creative and it is a good aspect of myself, as I can invent new and entertaining games for the kids to have a great time.",32,incorrect,too_long
B.dev.gold.bea19:001167,1167,B.dev.gold.bea19.m2,Bianca,1,correct,too_few_alphabetic_words;too_short
B.dev.gold.bea19:001168,1168,B.dev.gold.bea19.m2,Day number 8.,4,correct,too_few_alphabetic_words;too_short
B.dev.gold.bea19:001169,1169,B.dev.gold.bea19.m2,"We were ready to go and find the others, we went outside the shelter we built and write in wall near to the shelter""safe zone""and if there is someone that needs supplies he would find some supplies and ammo to survive.",47,incorrect,too_long
B.dev.gold.bea19:001170,1170,B.dev.gold.bea19.m2,"We start our journey and going in the forest, there was a lot of # pests on our way there were various guys that were sick we couldn't do anything except for, keep going, I was seeing my little group to # diminish and some of us were # allergic to some plants, I was the only one that had no problem with all the other stuff people had problems with.",77,incorrect,too_long
B.dev.gold.bea19:001171,1171,B.dev.gold.bea19.m2,"I thought that maybe my # genes were actually immune to the infection I could actually be the # revolutionary guy that helps everyone that was in my # skeptick and I was really positive about it but # notwithstanding, I wouldn't actually sacrifice myself I have to think about is it help the entire world or just save a group the decision was in my hands it was # conventional to help the entire world but I don't want to die. while I was thinking about that we found a body it was a familiar body from someone that was in the group one of those guys we wanted to find and alive not dead his face was all rotten and eaten away by the walkers.",132,incorrect,too_long
B.dev.gold.bea19:001172,1172,B.dev.gold.bea19.m2,"We needed to find the ones that were still alive or at least tells us what happened to everyone, the # battle against hunger started everyone was hungry and we haven't eaten anything in a few days and that could lead us to two things dead or eaten away by a walker so we needed to find something that was a # nutritional based food where we could eat with no problem and be ok.",77,incorrect,too_long
B.dev.gold.bea19:001174,1174,B.dev.gold.bea19.m2,We got close to the pharmacy there was no walkers inside so we run into the pharmacy and closed all the doors and I got someone to check us in the night I needed some rest and went to sleep immediately.,42,incorrect,too_long
B.dev.gold.bea19:001176,1176,B.dev.gold.bea19.m2,"But private traffic in this town is yet more present, as the result that Turin is the town of FIAT, the well known factory.",27,incorrect,too_long
B.dev.gold.bea19:001179,1179,B.dev.gold.bea19.m2,"If you like shopping, in the perimeter of the town, there are some big supermarkets, which hold many items of the main great factories of Europe and above.",32,incorrect,too_long
B.dev.gold.bea19:001181,1181,B.dev.gold.bea19.m2,"At the end, the taxi are present and they cover all the town, but this service is less organised and developed than the English one.",28,incorrect,too_long
B.dev.gold.bea19:001182,1182,B.dev.gold.bea19.m2,"There is an opinion that famous people, such as celebrities, film stars, politicians or people who work in music industry deserve to have a private life, deserve not to be under constant observation.",38,incorrect,too_long
B.dev.gold.bea19:001185,1185,B.dev.gold.bea19.m2,As far as I'm concerned there is no one who feels comfortable when is under surveillance of people who wait to take pictures which shows them in embarrassing situation.,31,incorrect,too_long
B.dev.gold.bea19:001190,1190,B.dev.gold.bea19.m2,"To my mind, they do not believe celebs are such a normal people as everyone of us only with more money in theirs bank accounts",26,incorrect,too_long
B.dev.gold.bea19:001191,1191,B.dev.gold.bea19.m2,"So, as you can see I agree with the statement that famous people, who are recognizable, deserve to have a privte life and the ability of having normal life should be also given to them.",39,incorrect,too_long
B.dev.gold.bea19:001192,1192,B.dev.gold.bea19.m2,The Maze Runner,3,correct,too_short
B.dev.gold.bea19:001196,1196,B.dev.gold.bea19.m2,"The film starts by putting yourself in the flesh of the main character, which is a 16-year - old boy who finds himself imprisoned in a cage and being transported to what it seems to be a camp.",40,incorrect,too_long
B.dev.gold.bea19:001202,1202,B.dev.gold.bea19.m2,"The film keeps getting better and better as you watch it, having its exciting moments when the characters discover something that hidden inside the maze.",27,incorrect,too_long
B.dev.gold.bea19:001203,1203,B.dev.gold.bea19.m2,I heartily recommend it to anyone who wants to have a rush of adrenaline while enjoying a solid story which will leave no one indifferent.,26,correct,too_long
B.dev.gold.bea19:001204,1204,B.dev.gold.bea19.m2,"I've been playing volleyball for 12 years now and hopefully many more, what I love about it is first of all that tall or small, anyone could play it as long as they're determined so basically is a life long sport for everyone.",48,incorrect,too_long
B.dev.gold.bea19:001205,1205,B.dev.gold.bea19.m2,"I love the speed of volleyball, most of the time it's quick and if you blink you probably missed something, each contact happens in less than a second, and still every player directs the location of the ball in that amount of time and then there's the intensity, if you haven't seen a game go until 32 - 30, and see the energy on the floor and hear the noise from the crowd you're missing out.",85,incorrect,too_long
B.dev.gold.bea19:001206,1206,B.dev.gold.bea19.m2,"Personally winning such a set makes me feel like I could do anything, but when I don't, it still keeps me wanting more.",27,incorrect,too_long
B.dev.gold.bea19:001220,1220,B.dev.gold.bea19.m2,"I have recently eaten at Black Bear restaurant, a typical Sicilian restaurant in Trecastagni, a little town near Catania located under the Etna volcano slopes, and I found that restaurant was easily the best I have eaten in.",42,correct,too_long
B.dev.gold.bea19:001223,1223,B.dev.gold.bea19.m2,"As I was eaten with my friend Moreno and his father, I managed to sample a good range of items on the menu and I really liked Chianina beef, it was very tasty.",36,incorrect,too_long
B.dev.gold.bea19:001225,1225,B.dev.gold.bea19.m2,"The price wasn't reasonable at all, because the meal came to about forty euros per person, so this restaurant it's a little expensive.",28,incorrect,too_long
B.dev.gold.bea19:001226,1226,B.dev.gold.bea19.m2,But I would highly recommend this restaurant despite the fact that the meal was a little expensive and I will no doubt be back for other dinners.,28,incorrect,too_long
B.dev.gold.bea19:001232,1232,B.dev.gold.bea19.m2,Also this illegality is the guilty for the attraction of the drugs because the majority of people start having drugs because they are young and its prohibition is very stimulating.,31,incorrect,too_long
B.dev.gold.bea19:001234,1234,B.dev.gold.bea19.m2,"I think everyone has proved some kind of illegal drug to have fun, enjoy friends or just to prove them, and I do not believe that behaviour is wrong because everyone needs to experiment and try new things.",41,incorrect,too_long
B.dev.gold.bea19:001235,1235,B.dev.gold.bea19.m2,But we have to be responsible and have very clear that it is only something exceptional and not our daily life because it is very dangerous as some people are not able to put deadlines to themselves.,38,incorrect,too_long
B.dev.gold.bea19:001236,1236,B.dev.gold.bea19.m2,"Finally, legalization of drugs means that they could be taxable and we know how the taxes work in our country so I do not know if it is a good idea or not.",35,incorrect,too_long
B.dev.gold.bea19:001237,1237,B.dev.gold.bea19.m2,"Hi Shrooq,",3,correct,too_few_alphabetic_words;too_short
B.dev.gold.bea19:001238,1238,B.dev.gold.bea19.m2,"That sounds great, I'm so happy to hear that you are coming to Saudi Arabia, I'm gon na be able to see you after a long time.",32,incorrect,too_long
B.dev.gold.bea19:001239,1239,B.dev.gold.bea19.m2,"But unluckily, I'm having an exam on Thursday so I can't meet you but you can take me from the school at 1:30 then we can go to have lunch.",34,incorrect,too_long
B.dev.gold.bea19:001240,1240,B.dev.gold.bea19.m2,"My school is really easy to find, go straight ahead onto Aljameah street then turn right beside the farce of KAU university, after getting down from the bridge you'll find the school on your right.",39,incorrect,too_long
B.dev.gold.bea19:001242,1242,B.dev.gold.bea19.m2,Bye for now.,4,correct,too_short
B.dev.gold.bea19:001243,1243,B.dev.gold.bea19.m2,Nouf.,2,correct,too_few_alphabetic_words;too_short
B.dev.gold.bea19:001244,1244,B.dev.gold.bea19.m2,"Dear Les,",3,correct,too_few_alphabetic_words;too_short
B.dev.gold.bea19:001247,1247,B.dev.gold.bea19.m2,"If you want to see some beautiful scenery, you must go to Barcelona where you will be able to see La Sagrada Familia, which was built by Antoni Gaudi, or La Alambra in Granada, which is one of the Seven Wonders of the World.",49,correct,too_long
B.dev.gold.bea19:001249,1249,B.dev.gold.bea19.m2,"On the other hand, if you want to see some wildlife, you must visit Cabarcenos National Park in Cantabria, what is like a little safari, or Doñana National Park, which in that period you can see some migration birds.",45,incorrect,too_long
B.dev.gold.bea19:001250,1250,B.dev.gold.bea19.m2,"If I were you and I had a completely summer to enjoy Spain, I would stay one week in each place, and I rent a car in order to move between the cities.",36,incorrect,too_long
B.dev.gold.bea19:001253,1253,B.dev.gold.bea19.m2,Adrián.,2,correct,too_few_alphabetic_words;too_short
B.dev.gold.bea19:001276,1276,B.dev.gold.bea19.m2,"Although, I hadn't met him a single time, this letter was his last will and I learned that I inherited a good deal of money.",29,incorrect,too_long
B.dev.gold.bea19:001281,1281,B.dev.gold.bea19.m2,I am very much worried about the town where I am staying because everybody of this town is not bother about rubbish things they do every day.,28,incorrect,too_long
B.dev.gold.bea19:001288,1288,B.dev.gold.bea19.m2,I am upset about it and whenever I get a chance I speak with my fellow people and look for their feedback but they are also the same in nature.,31,incorrect,too_long
