review_rank,sentence_id,original,token_count,possible_context_dependency,possible_name_or_entity,manual_intelligible,manual_context_independent,manual_pii_safe,manual_category,manual_exclude_reason,manual_notes
1,B.dev.gold.bea19:000712,In the concert time all people can enjoy but nobody think about how they are preparing to concert.,19,1,0,,,,,,
2,B.dev.gold.bea19:000515,"In my opinion, the transportation in our city have nothing to criticize expect that.",16,1,0,,,,,,
3,B.dev.gold.bea19:001141,These are the two opinions of mine on telling the truth or not.,14,1,0,,,,,,
4,B.dev.gold.bea19:000435,"So stop searching for the right sport, this one is for you!",14,1,0,,,,,,
5,B.dev.gold.bea19:001087,So everybody is gon na try to enforce the laws.,11,0,0,,,,,,
6,B.dev.gold.bea19:000417,Hockey as a life style,5,0,0,,,,,,
7,B.dev.gold.bea19:000903,"Dear Mrs Kate Ashby,",5,0,1,,,,,,
8,B.dev.gold.bea19:000511,"Priority seats, are preserved to those who need, not only elders but also some adult need it.",20,1,0,,,,,,
9,B.dev.gold.bea19:000340,this case causes some problems where the lecturer mentioned the failure of federal government to stop illegal immigration to USA through Nevada desert.,24,1,0,,,,,,
10,B.dev.gold.bea19:000961,"Secondly, another reason is the global warming because the atmosphere is much polluted.",15,0,0,,,,,,
11,B.dev.gold.bea19:000252,I am writing with reference to the post of job as a camp monitor that you require in summer.,20,1,0,,,,,,
12,B.dev.gold.bea19:000187,We want a happy Earth.,6,0,0,,,,,,
13,B.dev.gold.bea19:001038,"This day was full of joy and happiness, but something went wrong after when she told him that she is pregnant.",23,1,0,,,,,,
14,B.dev.gold.bea19:000405,What a lovely weather today!,6,0,0,,,,,,
15,B.dev.gold.bea19:000493,Everybody needs a mode of transport to earn their daily living.,12,0,0,,,,,,
16,B.dev.gold.bea19:000302,So if you are starting this sport you have to do it because you really like it.,18,1,0,,,,,,
17,B.dev.gold.bea19:000701,Swimming is my favourite sport.,6,0,0,,,,,,
18,B.dev.gold.bea19:000709,I enjoyed helping at the concert which was in Antaya on October.,13,0,0,,,,,,
19,B.dev.gold.bea19:000864,but all these factors are not important for me.,10,1,0,,,,,,
20,B.dev.gold.bea19:001173,We found a pharmacy and a restroom where we could get a rest and take a shower to clean ourselves.,21,0,0,,,,,,
21,B.dev.gold.bea19:001148,My curiosity had put me into a big trouble.,10,0,0,,,,,,
22,B.dev.gold.bea19:000331,Other students who may have family financial support prefer to hire an apartments to live independently,16,0,0,,,,,,
23,B.dev.gold.bea19:000260,Instead I believe it is an advantage.,8,1,0,,,,,,
24,B.dev.gold.bea19:000567,"From newspapers, magazines, even foreign medium, we can easily figure out that our environment is changing severely.",21,1,0,,,,,,
25,B.dev.gold.bea19:000552,Not all people like the idea of Googlemobile.,9,0,0,,,,,,
26,B.dev.gold.bea19:000518,"We depend on television for entertainment, education, news and films",12,0,0,,,,,,
27,B.dev.gold.bea19:000436,"As far as I'm concerned, public transportation is the best transport media for environmental care.",18,0,0,,,,,,
28,B.dev.gold.bea19:000606,"On the one hand, holidays are the best for people in terms of thinking clearly their experinces about life.",21,0,0,,,,,,
29,B.dev.gold.bea19:001214,"That is very good idea, because that robbish undergo a recycling.",13,1,0,,,,,,
30,B.dev.gold.bea19:000745,"If I had this house, I would decorat it in modern stayl.",14,1,0,,,,,,
31,B.dev.gold.bea19:001271,Who would have even bothered to pay me a visit during this bloody awful weather?,16,1,0,,,,,,
32,B.dev.gold.bea19:000578,"Everyone lives in despair, but can not find the entrance to brightness.",14,0,0,,,,,,
33,B.dev.gold.bea19:000607,People can review their decisions in holidays more accurate and helpful.,12,0,0,,,,,,
34,B.dev.gold.bea19:000488,"In my opinion it is important because it remembers our past and our traditions, which we shouldn't forget.",21,1,0,,,,,,
35,B.dev.gold.bea19:000452,Our planet is in such a difficult situation that we have to take over the problem.,17,1,0,,,,,,
36,B.dev.gold.bea19:000676,"After having tea, we play hide - and - seek altogether in Winnie's garden.",17,0,0,,,,,,
37,B.dev.gold.bea19:000374,Mostly Facebook users expect their friend to respond or pay attention on what they are doing.,17,1,1,,,,,,
38,B.dev.gold.bea19:000573,"The higher temperature enhance, the worst the living quality is.",12,0,0,,,,,,
39,B.dev.gold.bea19:000105,I'm writing to tell you the best way to arrive at Salou.,14,0,0,,,,,,
40,B.dev.gold.bea19:000064,Then he hugged her.,5,1,0,,,,,,
41,B.dev.gold.bea19:001201,"Still, they only have the daylight time to explore the maze, as when the sun goes down it becomes very dangerous.",24,1,0,,,,,,
42,B.dev.gold.bea19:000949,"However, they still being ordinary people, they make mistakes.",12,1,0,,,,,,
43,B.dev.gold.bea19:001007,Nothing is impossible in life but not doubt it is not easy to find sincere friends.,17,1,0,,,,,,
44,B.dev.gold.bea19:000254,"Although I am a young girl, I think I am a quialified person for the post.",18,0,0,,,,,,
45,B.dev.gold.bea19:000464,The Nile river is the origin of the ancient Egyptian civilization that counts over 6 thousand years.,18,1,1,,,,,,
46,B.dev.gold.bea19:001285,All the household nearby the public road throws the dirty things easily and even don't bother about the order of the municipality.,24,0,0,,,,,,
47,B.dev.gold.bea19:000513,Some people even blame them for they occupy the seats instead of offer the seat.,16,1,0,,,,,,
48,B.dev.gold.bea19:000463,As soon as the last river ends the southern border of Egypt is here.,15,0,0,,,,,,
49,B.dev.gold.bea19:000636,"As we all know, the more public transport passengers use, the less car exhausts are emitted per person.",21,0,0,,,,,,
50,B.dev.gold.bea19:000821,"Firstly, we can discuss type of food we want to eat.",13,0,0,,,,,,
51,B.dev.gold.bea19:000808,There you will see bus stations in the street.,10,0,0,,,,,,
52,B.dev.gold.bea19:000245,When I work anything I feel that I have the world in my hand so I can do anything for people.,22,1,0,,,,,,
53,B.dev.gold.bea19:000640,"As more and more people choose to live in cities, nowadays our cities become larger and more crowded.",20,0,0,,,,,,
54,B.dev.gold.bea19:000486,Moreover navy wars were represented in order to celebrate Roman army.,12,0,0,,,,,,
55,B.dev.gold.bea19:000215,"Working collaboratively is, in fact, the most interesting way of learning any subject even English.",18,0,0,,,,,,
56,B.dev.gold.bea19:000101,"If you tried all the activities, you would spend a great time here, in Castelldefels!",18,0,0,,,,,,
57,B.dev.gold.bea19:000877,So she took a deep breath and put her doll in the attic just like her childhood memories.,19,1,0,,,,,,
58,B.dev.gold.bea19:000002,I haven't written you for ages but I was very busy because of the exams at the University.,19,0,0,,,,,,
59,B.dev.gold.bea19:000530,Television also takes away from family time.,8,0,0,,,,,,
60,B.dev.gold.bea19:000325,My uncle Juan lives in United States of America and I was very to hug him because I miss him a lot.,23,0,1,,,,,,
61,B.dev.gold.bea19:000690,What an unfoggetable day!,5,0,0,,,,,,
62,B.dev.gold.bea19:000624,"On the other hand, there are some issues such as the increase of danger on the roads.",19,0,0,,,,,,
63,B.dev.gold.bea19:000560,Or do you want to be a polyglot?,9,0,0,,,,,,
64,B.dev.gold.bea19:000054,He was waiting 2 hours for her.,8,1,0,,,,,,
65,B.dev.gold.bea19:000151,To resolve the problem I would like to receive the batteries by express post.,15,0,0,,,,,,
66,B.dev.gold.bea19:001133,"To further illustrate the first point above, could hurt one's feelings by telling the truth at all time.",21,1,0,,,,,,
67,B.dev.gold.bea19:000235,I am a student in the 3rd year of the faculty of medicine Port - Said University.,18,0,1,,,,,,
68,B.dev.gold.bea19:000517,Television is an important part of modern culture.,9,0,0,,,,,,
69,B.dev.gold.bea19:000862,Also many people choose movies because they like soundtracks and special effects.,13,1,0,,,,,,
70,B.dev.gold.bea19:000149,"The delivery was wrong, so now I am a huge hurry because I need my mobile to work every day.",22,0,0,,,,,,
71,B.dev.gold.bea19:000206,Working for them was a real pleasure.,8,0,0,,,,,,
72,B.dev.gold.bea19:000868,She was with her mum..,6,1,0,,,,,,
73,B.dev.gold.bea19:000733,"Regarding advertisement, technology is having a huge, and not always possitive impact on outdoor advertisement.",18,0,0,,,,,,
74,B.dev.gold.bea19:000960,"In addition, these people need to have public transport for travelling around the country and city.",18,1,0,,,,,,
75,B.dev.gold.bea19:001266,It was one dreary rainy Sunday morning.,8,1,0,,,,,,
76,B.dev.gold.bea19:000007,"When the concert finished, we went to cloakroom to get signatures from musicians.",15,0,0,,,,,,
77,B.dev.gold.bea19:000586,"It is just something that I had to do, not you, not her, me.",18,1,0,,,,,,
78,B.dev.gold.bea19:001005,Friends should be like a shadow always beside you.,10,0,0,,,,,,
79,B.dev.gold.bea19:000062,He followed and apoligized her.,6,1,0,,,,,,
80,B.dev.gold.bea19:000698,Every house will be flexible.,6,0,0,,,,,,
81,B.dev.gold.bea19:000361,"Communicating can be achieved, regardless of distance, through Facebook and Twitter.",14,0,0,,,,,,
82,B.dev.gold.bea19:000320,It does not have too much to do but there were the falls.,14,1,0,,,,,,
83,B.dev.gold.bea19:000232,It reveals that our feelings cross the boundaries of all cultures and we are connected to each other.,19,1,0,,,,,,
84,B.dev.gold.bea19:000546,"But, probably, this situation is only period of development of transport.",14,1,0,,,,,,
85,B.dev.gold.bea19:000847,It is because of high taxes on goods.,9,1,0,,,,,,
86,B.dev.gold.bea19:001010,The more people you will meet the more easy it will become for you to find a friend.,19,1,0,,,,,,
87,B.dev.gold.bea19:001241,So excited to see you!,6,0,0,,,,,,
88,B.dev.gold.bea19:000032,I really like to explore nature during summer too.,10,0,0,,,,,,
89,B.dev.gold.bea19:000358,"Unsurprisingly, social consequences of Facebook and Twitter plays an important role in communication, regardless of distance or time.",21,0,0,,,,,,
90,B.dev.gold.bea19:001001,However there are brilliant games for children.,8,0,0,,,,,,
91,B.dev.gold.bea19:000519,TV has much benefits:,5,0,0,,,,,,
92,B.dev.gold.bea19:000432,Why will I recommend this to you?,8,1,0,,,,,,
93,B.dev.gold.bea19:000856,"Furthermore, books develops imagination of reader.",8,0,0,,,,,,
94,B.dev.gold.bea19:000309,Something that made me happy was to see my family.,11,1,0,,,,,,
95,B.dev.gold.bea19:000433,It would definitely help you to grow and improve as a person.,13,1,0,,,,,,
96,B.dev.gold.bea19:000551,So people will be able to avoid traffic jams.,10,0,0,,,,,,
97,B.dev.gold.bea19:001052,"Her voice, her smile and even her body was to wrong on this moment.",16,1,0,,,,,,
98,B.dev.gold.bea19:001063,Such as after swimming that I have a safe and a bathroom to take shower.,16,1,0,,,,,,
99,B.dev.gold.bea19:000705,"Swimming has different types; dolphin, crawl, backstroke and breast stroke.",14,0,0,,,,,,
100,B.dev.gold.bea19:000342,"In conclusion, federal government which give freedom and powerful, cause many problems such as no single policy and confusion in the responsibility.",25,0,0,,,,,,
101,B.dev.gold.bea19:000784,However the fact is that there is a countdown on them.,12,1,0,,,,,,
102,B.dev.gold.bea19:000967,We are living in a ever changing world.,9,0,0,,,,,,
103,B.dev.gold.bea19:000144,"Dear Sir / Madam,",5,0,1,,,,,,
104,B.dev.gold.bea19:001013,The Guardian is a British daily newspaper which includes national and international news.,14,0,1,,,,,,
105,B.dev.gold.bea19:001057,"They both knew that they love each other and they care about each other, but it was too much for him.",23,1,0,,,,,,
106,B.dev.gold.bea19:000173,"If the partially damaged sheets are bad, they will be treated as bad sheets, which will be securely distoryed.",22,1,0,,,,,,
107,B.dev.gold.bea19:000717,When we were arranging concert plan we made work sharing for all of us.,15,0,0,,,,,,
108,B.dev.gold.bea19:000125,"On the other hand, I have the theoretical knowledge to use new the technologies this great project requires.",20,1,0,,,,,,
109,B.dev.gold.bea19:000645,"For a passenger, however, travelling is a complete relax.",12,0,0,,,,,,
110,B.dev.gold.bea19:001259,"The most important thing for Bart is to be the most popular student in his school, for this reason he is always misbehaving.",25,1,0,,,,,,
111,B.dev.gold.bea19:000303,if you don't like it there are many options to practise whatever sports.,15,1,0,,,,,,
112,B.dev.gold.bea19:000248,And what are the benefits of work and study?,10,0,0,,,,,,
113,B.dev.gold.bea19:000282,More reasons and detail will be shed light on in the following paragraphs.,14,1,0,,,,,,
114,B.dev.gold.bea19:000174,"In conclusion, the diagram gives a quite explicit process of making bank notes.",15,0,0,,,,,,
115,B.dev.gold.bea19:000672,"First, we listened to some songs, such as almost and big big world.",16,0,0,,,,,,
116,B.dev.gold.bea19:000619,"Cycling to school, to work or to do any other activity it is not a common habit in Spain.",21,1,0,,,,,,
117,B.dev.gold.bea19:000216,"Second, the teachers were really good skills to teach.",11,0,0,,,,,,
118,B.dev.gold.bea19:000107,"Well, the airport is located just outside Reus, it's small but it has a lot of servicies and transport.",23,1,0,,,,,,
119,B.dev.gold.bea19:001245,"Firstly, Spain is a great place for holidays in summer.",12,0,0,,,,,,
120,B.dev.gold.bea19:000469,"Furthermore, elevation of the water level on the river helps people to realize the possibility of expanding the area of fertile lands.",24,0,0,,,,,,
121,B.dev.gold.bea19:000020,There are a lot of products which have to be announced and a lot of messages to report to people.,21,0,0,,,,,,
122,B.dev.gold.bea19:001097,DOING EXCERCISE IS GOOD FOR YOURE HEALTH,7,0,0,,,,,,
123,B.dev.gold.bea19:001107,"Is there any future to public transport, for travelling by car is much more convenient?",17,0,0,,,,,,
124,B.dev.gold.bea19:000234,"I am 20 years old, living in Port - Said, Egypt.",14,0,0,,,,,,
125,B.dev.gold.bea19:000710,I had a great time with people who are working as a helper for the concert.,17,0,0,,,,,,
126,B.dev.gold.bea19:000741,"But, technology is hre for best or worst, and we have to learn to deal with it the best we can.",24,1,0,,,,,,
127,B.dev.gold.bea19:001056,She was more than happy and he couldn't handle this news.,13,1,0,,,,,,
128,B.dev.gold.bea19:001195,The poster of the film already offered a sense of intrigue and mystery which made me take the decision to watch this film.,24,1,0,,,,,,
129,B.dev.gold.bea19:000934,"The interior is big, so all the class could stay inside without problems.",15,0,0,,,,,,
130,B.dev.gold.bea19:000526,TV can help introduce youth to classic Hollywood films and foreign movies that they might not otherwise see.,19,1,0,,,,,,
131,B.dev.gold.bea19:000990,I've worked as social trainer and as educators since I was 16.,14,0,0,,,,,,
132,B.dev.gold.bea19:000445,There are many ecological islands.,6,0,0,,,,,,
133,B.dev.gold.bea19:000693,Inside will be full of conveniences.,7,0,0,,,,,,
134,B.dev.gold.bea19:000948,Famous people are obligated to provide their life in exemplary way.,12,0,0,,,,,,
135,B.dev.gold.bea19:000668,"Today, I went to my Winnie's home with Adriana in the afternoon.",15,0,0,,,,,,
136,B.dev.gold.bea19:000063,He said he was drunk and didn't know what he was saying.,14,1,0,,,,,,
137,B.dev.gold.bea19:001011,"When you find one spend time with them, share views, ideas and go out with them.",19,0,0,,,,,,
138,B.dev.gold.bea19:000165,Peple should decide the background colour and thw artwork while they have to consider the security issues.,18,1,0,,,,,,
139,B.dev.gold.bea19:000226,I am keen on cinema thus I love to watch all types of fims.,15,0,0,,,,,,
140,B.dev.gold.bea19:000136,"Finally, learning another language gives the learner the ability to step inside the mind and context of that other culture.",22,1,0,,,,,,
141,B.dev.gold.bea19:000664,"I worked in an Easter camp too and I have already prepared lot of ativities, like""rappel"", paintball...",23,0,0,,,,,,
142,B.dev.gold.bea19:001165,"That is a good quality of mine, I learn thing very fast and I also can get used to new thing.",23,1,0,,,,,,
143,B.dev.gold.bea19:001043,He tried to understand what's going on with him.,11,1,0,,,,,,
144,B.dev.gold.bea19:000339,"Also, the reading passage declares that even the federal government let each state function independently, it still control on the main decisions.",25,1,0,,,,,,
145,B.dev.gold.bea19:001036,"In conclusion, I want to say that that we should keep abreast of new technologies and try to make our lives easier",23,1,0,,,,,,
146,B.dev.gold.bea19:000993,I had a very great memories of these experiences and I would really like to live them again.,19,1,0,,,,,,
147,B.dev.gold.bea19:000057,When Mel came she looked gorgeous.,7,1,1,,,,,,
148,B.dev.gold.bea19:001188,"This rarely fragments of life without an eye of a camera should be an opportunity to live like normal, not famous people.",24,1,0,,,,,,
149,B.dev.gold.bea19:001105,I recommend you to practise any sport you like and enjoy every second you spend exercising.,17,0,0,,,,,,
150,B.dev.gold.bea19:000163,Given is a diagram introducing the procedures of making bank notes.,12,0,0,,,,,,
