S_No,sentence_id,language,Sentence
1,B.dev.gold.bea19:000949,Malayalam,"However, they still being ordinary people, they make mistakes."
2,B.dev.gold.bea19:000173,Malayalam,"If the partially damaged sheets are bad, they will be treated as bad sheets, which will be securely distoryed."
3,B.dev.gold.bea19:000405,Malayalam,What a lovely weather today!
4,B.dev.gold.bea19:000733,Malayalam,"Regarding advertisement, technology is having a huge, and not always possitive impact on outdoor advertisement."
5,B.dev.gold.bea19:000856,Malayalam,"Furthermore, books develops imagination of reader."
6,B.dev.gold.bea19:000948,Malayalam,Famous people are obligated to provide their life in exemplary way.
7,B.dev.gold.bea19:001271,Malayalam,Who would have even bothered to pay me a visit during this bloody awful weather?
8,B.dev.gold.bea19:000741,German,"But, technology is hre for best or worst, and we have to learn to deal with it the best we can."
9,B.dev.gold.bea19:001013,Unknown,The Guardian is a British daily newspaper which includes national and international news.
10,B.dev.gold.bea19:000949,German,"However, they still being ordinary people, they make mistakes."
11,B.dev.gold.bea19:000216,Arabic,"Second, the teachers were really good skills to teach."
12,B.dev.gold.bea19:001107,Malayalam,"Is there any future to public transport, for travelling by car is much more convenient?"
13,B.dev.gold.bea19:000436,Malayalam,"As far as I'm concerned, public transportation is the best transport media for environmental care."
14,B.dev.gold.bea19:000690,Arabic,What an unfoggetable day!
15,B.dev.gold.bea19:000173,Unknown,"If the partially damaged sheets are bad, they will be treated as bad sheets, which will be securely distoryed."
16,B.dev.gold.bea19:000165,German,Peple should decide the background colour and thw artwork while they have to consider the security issues.
17,B.dev.gold.bea19:001148,Malayalam,My curiosity had put me into a big trouble.
18,B.dev.gold.bea19:000619,Unknown,"Cycling to school, to work or to do any other activity it is not a common habit in Spain."
19,B.dev.gold.bea19:000020,Arabic,There are a lot of products which have to be announced and a lot of messages to report to people.
20,B.dev.gold.bea19:000701,Arabic,Swimming is my favourite sport.
21,B.dev.gold.bea19:001036,Unknown,"In conclusion, I want to say that that we should keep abreast of new technologies and try to make our lives easier"
22,B.dev.gold.bea19:000877,German,So she took a deep breath and put her doll in the attic just like her childhood memories.
23,B.dev.gold.bea19:000821,Arabic,"Firstly, we can discuss type of food we want to eat."
24,B.dev.gold.bea19:000619,Arabic,"Cycling to school, to work or to do any other activity it is not a common habit in Spain."
25,B.dev.gold.bea19:001165,Malayalam,"That is a good quality of mine, I learn thing very fast and I also can get used to new thing."
26,B.dev.gold.bea19:000032,Arabic,I really like to explore nature during summer too.
27,B.dev.gold.bea19:000733,German,"Regarding advertisement, technology is having a huge, and not always possitive impact on outdoor advertisement."
28,B.dev.gold.bea19:001013,German,The Guardian is a British daily newspaper which includes national and international news.
29,B.dev.gold.bea19:000187,Arabic,We want a happy Earth.
30,B.dev.gold.bea19:000645,Unknown,"For a passenger, however, travelling is a complete relax."
31,B.dev.gold.bea19:000712,Arabic,In the concert time all people can enjoy but nobody think about how they are preparing to concert.
32,B.dev.gold.bea19:000636,Malayalam,"As we all know, the more public transport passengers use, the less car exhausts are emitted per person."
33,B.dev.gold.bea19:000101,Malayalam,"If you tried all the activities, you would spend a great time here, in Castelldefels!"
34,B.dev.gold.bea19:000063,Malayalam,He said he was drunk and didn't know what he was saying.
35,B.dev.gold.bea19:000709,German,I enjoyed helping at the concert which was in Antaya on October.
36,B.dev.gold.bea19:000136,Unknown,"Finally, learning another language gives the learner the ability to step inside the mind and context of that other culture."
37,B.dev.gold.bea19:001001,German,However there are brilliant games for children.
38,B.dev.gold.bea19:000567,Unknown,"From newspapers, magazines, even foreign medium, we can easily figure out that our environment is changing severely."
39,B.dev.gold.bea19:000187,Malayalam,We want a happy Earth.
40,B.dev.gold.bea19:000967,Malayalam,We are living in a ever changing world.
41,B.dev.gold.bea19:000990,Arabic,I've worked as social trainer and as educators since I was 16.
42,B.dev.gold.bea19:000405,Arabic,What a lovely weather today!
43,B.dev.gold.bea19:000232,Arabic,It reveals that our feelings cross the boundaries of all cultures and we are connected to each other.
44,B.dev.gold.bea19:000436,Arabic,"As far as I'm concerned, public transportation is the best transport media for environmental care."
45,B.dev.gold.bea19:000374,Arabic,Mostly Facebook users expect their friend to respond or pay attention on what they are doing.
46,B.dev.gold.bea19:000517,Arabic,Television is an important part of modern culture.
47,B.dev.gold.bea19:001001,Unknown,However there are brilliant games for children.
48,B.dev.gold.bea19:000062,Malayalam,He followed and apoligized her.
49,B.dev.gold.bea19:001038,German,"This day was full of joy and happiness, but something went wrong after when she told him that she is pregnant."
50,B.dev.gold.bea19:000705,Arabic,"Swimming has different types; dolphin, crawl, backstroke and breast stroke."
51,B.dev.gold.bea19:000619,German,"Cycling to school, to work or to do any other activity it is not a common habit in Spain."
52,B.dev.gold.bea19:000254,German,"Although I am a young girl, I think I am a quialified person for the post."
53,B.dev.gold.bea19:001038,Malayalam,"This day was full of joy and happiness, but something went wrong after when she told him that she is pregnant."
54,B.dev.gold.bea19:000107,Unknown,"Well, the airport is located just outside Reus, it's small but it has a lot of servicies and transport."
55,B.dev.gold.bea19:000636,German,"As we all know, the more public transport passengers use, the less car exhausts are emitted per person."
56,B.dev.gold.bea19:000511,Unknown,"Priority seats, are preserved to those who need, not only elders but also some adult need it."
57,B.dev.gold.bea19:000709,Unknown,I enjoyed helping at the concert which was in Antaya on October.
58,B.dev.gold.bea19:000101,German,"If you tried all the activities, you would spend a great time here, in Castelldefels!"
59,B.dev.gold.bea19:000619,Malayalam,"Cycling to school, to work or to do any other activity it is not a common habit in Spain."
60,B.dev.gold.bea19:000993,Malayalam,I had a very great memories of these experiences and I would really like to live them again.
61,B.dev.gold.bea19:000226,Arabic,I am keen on cinema thus I love to watch all types of fims.
62,B.dev.gold.bea19:001107,German,"Is there any future to public transport, for travelling by car is much more convenient?"
63,B.dev.gold.bea19:000358,Unknown,"Unsurprisingly, social consequences of Facebook and Twitter plays an important role in communication, regardless of distance or time."
64,B.dev.gold.bea19:000187,Unknown,We want a happy Earth.
65,B.dev.gold.bea19:000511,Arabic,"Priority seats, are preserved to those who need, not only elders but also some adult need it."
66,B.dev.gold.bea19:001036,German,"In conclusion, I want to say that that we should keep abreast of new technologies and try to make our lives easier"
67,B.dev.gold.bea19:000433,Malayalam,It would definitely help you to grow and improve as a person.
68,B.dev.gold.bea19:000149,Malayalam,"The delivery was wrong, so now I am a huge hurry because I need my mobile to work every day."
69,B.dev.gold.bea19:000358,Arabic,"Unsurprisingly, social consequences of Facebook and Twitter plays an important role in communication, regardless of distance or time."
70,B.dev.gold.bea19:001165,German,"That is a good quality of mine, I learn thing very fast and I also can get used to new thing."
71,B.dev.gold.bea19:000226,Malayalam,I am keen on cinema thus I love to watch all types of fims.
72,B.dev.gold.bea19:000949,Unknown,"However, they still being ordinary people, they make mistakes."
73,B.dev.gold.bea19:000173,German,"If the partially damaged sheets are bad, they will be treated as bad sheets, which will be securely distoryed."
74,B.dev.gold.bea19:000578,Malayalam,"Everyone lives in despair, but can not find the entrance to brightness."
75,B.dev.gold.bea19:000690,Malayalam,What an unfoggetable day!
76,B.dev.gold.bea19:000745,Arabic,"If I had this house, I would decorat it in modern stayl."
77,B.dev.gold.bea19:000709,Malayalam,I enjoyed helping at the concert which was in Antaya on October.
78,B.dev.gold.bea19:000690,Unknown,What an unfoggetable day!
79,B.dev.gold.bea19:000433,Arabic,It would definitely help you to grow and improve as a person.
80,B.dev.gold.bea19:000821,German,"Firstly, we can discuss type of food we want to eat."
81,B.dev.gold.bea19:001214,Malayalam,"That is very good idea, because that robbish undergo a recycling."
82,B.dev.gold.bea19:000511,German,"Priority seats, are preserved to those who need, not only elders but also some adult need it."
83,B.dev.gold.bea19:000517,Unknown,Television is an important part of modern culture.
84,B.dev.gold.bea19:000187,German,We want a happy Earth.
85,B.dev.gold.bea19:000948,German,Famous people are obligated to provide their life in exemplary way.
86,B.dev.gold.bea19:000745,Malayalam,"If I had this house, I would decorat it in modern stayl."
87,B.dev.gold.bea19:000712,Malayalam,In the concert time all people can enjoy but nobody think about how they are preparing to concert.
88,B.dev.gold.bea19:001057,Unknown,"They both knew that they love each other and they care about each other, but it was too much for him."
89,B.dev.gold.bea19:000149,Arabic,"The delivery was wrong, so now I am a huge hurry because I need my mobile to work every day."
90,B.dev.gold.bea19:001214,Arabic,"That is very good idea, because that robbish undergo a recycling."
91,B.dev.gold.bea19:001271,Arabic,Who would have even bothered to pay me a visit during this bloody awful weather?
92,B.dev.gold.bea19:000993,Unknown,I had a very great memories of these experiences and I would really like to live them again.
93,B.dev.gold.bea19:000967,Unknown,We are living in a ever changing world.
94,B.dev.gold.bea19:000486,Unknown,Moreover navy wars were represented in order to celebrate Roman army.
95,B.dev.gold.bea19:000856,Arabic,"Furthermore, books develops imagination of reader."
96,B.dev.gold.bea19:000701,German,Swimming is my favourite sport.
97,B.dev.gold.bea19:000063,Unknown,He said he was drunk and didn't know what he was saying.
98,B.dev.gold.bea19:001214,German,"That is very good idea, because that robbish undergo a recycling."
99,B.dev.gold.bea19:000741,Arabic,"But, technology is hre for best or worst, and we have to learn to deal with it the best we can."
100,B.dev.gold.bea19:000517,German,Television is an important part of modern culture.
101,B.dev.gold.bea19:000856,German,"Furthermore, books develops imagination of reader."
102,B.dev.gold.bea19:001007,German,Nothing is impossible in life but not doubt it is not easy to find sincere friends.
103,B.dev.gold.bea19:001013,Malayalam,The Guardian is a British daily newspaper which includes national and international news.
104,B.dev.gold.bea19:000486,Arabic,Moreover navy wars were represented in order to celebrate Roman army.
105,B.dev.gold.bea19:000690,German,What an unfoggetable day!
106,B.dev.gold.bea19:000216,German,"Second, the teachers were really good skills to teach."
107,B.dev.gold.bea19:000948,Unknown,Famous people are obligated to provide their life in exemplary way.
108,B.dev.gold.bea19:000741,Malayalam,"But, technology is hre for best or worst, and we have to learn to deal with it the best we can."
109,B.dev.gold.bea19:000578,Unknown,"Everyone lives in despair, but can not find the entrance to brightness."
110,B.dev.gold.bea19:001036,Malayalam,"In conclusion, I want to say that that we should keep abreast of new technologies and try to make our lives easier"
111,B.dev.gold.bea19:001173,Unknown,We found a pharmacy and a restroom where we could get a rest and take a shower to clean ourselves.
112,B.dev.gold.bea19:000226,German,I am keen on cinema thus I love to watch all types of fims.
113,B.dev.gold.bea19:000967,Arabic,We are living in a ever changing world.
114,B.dev.gold.bea19:000232,German,It reveals that our feelings cross the boundaries of all cultures and we are connected to each other.
115,B.dev.gold.bea19:000705,Malayalam,"Swimming has different types; dolphin, crawl, backstroke and breast stroke."
116,B.dev.gold.bea19:000245,Unknown,When I work anything I feel that I have the world in my hand so I can do anything for people.
117,B.dev.gold.bea19:000107,German,"Well, the airport is located just outside Reus, it's small but it has a lot of servicies and transport."
118,B.dev.gold.bea19:000821,Malayalam,"Firstly, we can discuss type of food we want to eat."
119,B.dev.gold.bea19:000486,German,Moreover navy wars were represented in order to celebrate Roman army.
120,B.dev.gold.bea19:000136,Arabic,"Finally, learning another language gives the learner the ability to step inside the mind and context of that other culture."
121,B.dev.gold.bea19:000949,Arabic,"However, they still being ordinary people, they make mistakes."
122,B.dev.gold.bea19:001007,Unknown,Nothing is impossible in life but not doubt it is not easy to find sincere friends.
123,B.dev.gold.bea19:000216,Malayalam,"Second, the teachers were really good skills to teach."
124,B.dev.gold.bea19:000701,Unknown,Swimming is my favourite sport.
125,B.dev.gold.bea19:000741,Unknown,"But, technology is hre for best or worst, and we have to learn to deal with it the best we can."
126,B.dev.gold.bea19:000245,German,When I work anything I feel that I have the world in my hand so I can do anything for people.
127,B.dev.gold.bea19:001010,Unknown,The more people you will meet the more easy it will become for you to find a friend.
128,B.dev.gold.bea19:000107,Arabic,"Well, the airport is located just outside Reus, it's small but it has a lot of servicies and transport."
129,B.dev.gold.bea19:000636,Unknown,"As we all know, the more public transport passengers use, the less car exhausts are emitted per person."
130,B.dev.gold.bea19:000063,German,He said he was drunk and didn't know what he was saying.
131,B.dev.gold.bea19:001057,Arabic,"They both knew that they love each other and they care about each other, but it was too much for him."
132,B.dev.gold.bea19:000745,German,"If I had this house, I would decorat it in modern stayl."
133,B.dev.gold.bea19:001057,German,"They both knew that they love each other and they care about each other, but it was too much for him."
134,B.dev.gold.bea19:001001,Malayalam,However there are brilliant games for children.
135,B.dev.gold.bea19:000216,Unknown,"Second, the teachers were really good skills to teach."
136,B.dev.gold.bea19:000517,Malayalam,Television is an important part of modern culture.
137,B.dev.gold.bea19:001271,Unknown,Who would have even bothered to pay me a visit during this bloody awful weather?
138,B.dev.gold.bea19:000254,Arabic,"Although I am a young girl, I think I am a quialified person for the post."
139,B.dev.gold.bea19:001173,German,We found a pharmacy and a restroom where we could get a rest and take a shower to clean ourselves.
140,B.dev.gold.bea19:000993,German,I had a very great memories of these experiences and I would really like to live them again.
141,B.dev.gold.bea19:001001,Arabic,However there are brilliant games for children.
142,B.dev.gold.bea19:000149,German,"The delivery was wrong, so now I am a huge hurry because I need my mobile to work every day."
143,B.dev.gold.bea19:000032,Unknown,I really like to explore nature during summer too.
144,B.dev.gold.bea19:000245,Arabic,When I work anything I feel that I have the world in my hand so I can do anything for people.
145,B.dev.gold.bea19:000709,Arabic,I enjoyed helping at the concert which was in Antaya on October.
146,B.dev.gold.bea19:000149,Unknown,"The delivery was wrong, so now I am a huge hurry because I need my mobile to work every day."
147,B.dev.gold.bea19:001271,German,Who would have even bothered to pay me a visit during this bloody awful weather?
148,B.dev.gold.bea19:000165,Arabic,Peple should decide the background colour and thw artwork while they have to consider the security issues.
149,B.dev.gold.bea19:000640,Malayalam,"As more and more people choose to live in cities, nowadays our cities become larger and more crowded."
150,B.dev.gold.bea19:000578,German,"Everyone lives in despair, but can not find the entrance to brightness."
151,B.dev.gold.bea19:000645,Arabic,"For a passenger, however, travelling is a complete relax."
152,B.dev.gold.bea19:000877,Malayalam,So she took a deep breath and put her doll in the attic just like her childhood memories.
153,B.dev.gold.bea19:000063,Arabic,He said he was drunk and didn't know what he was saying.
154,B.dev.gold.bea19:000990,German,I've worked as social trainer and as educators since I was 16.
155,B.dev.gold.bea19:000374,Unknown,Mostly Facebook users expect their friend to respond or pay attention on what they are doing.
156,B.dev.gold.bea19:001173,Arabic,We found a pharmacy and a restroom where we could get a rest and take a shower to clean ourselves.
157,B.dev.gold.bea19:000640,German,"As more and more people choose to live in cities, nowadays our cities become larger and more crowded."
158,B.dev.gold.bea19:000254,Malayalam,"Although I am a young girl, I think I am a quialified person for the post."
159,B.dev.gold.bea19:000062,Arabic,He followed and apoligized her.
160,B.dev.gold.bea19:001010,Arabic,The more people you will meet the more easy it will become for you to find a friend.
161,B.dev.gold.bea19:000374,Malayalam,Mostly Facebook users expect their friend to respond or pay attention on what they are doing.
162,B.dev.gold.bea19:001010,Malayalam,The more people you will meet the more easy it will become for you to find a friend.
163,B.dev.gold.bea19:000645,German,"For a passenger, however, travelling is a complete relax."
164,B.dev.gold.bea19:000948,Arabic,Famous people are obligated to provide their life in exemplary way.
165,B.dev.gold.bea19:000020,Unknown,There are a lot of products which have to be announced and a lot of messages to report to people.
166,B.dev.gold.bea19:000567,Malayalam,"From newspapers, magazines, even foreign medium, we can easily figure out that our environment is changing severely."
167,B.dev.gold.bea19:000232,Unknown,It reveals that our feelings cross the boundaries of all cultures and we are connected to each other.
168,B.dev.gold.bea19:000705,German,"Swimming has different types; dolphin, crawl, backstroke and breast stroke."
169,B.dev.gold.bea19:000101,Arabic,"If you tried all the activities, you would spend a great time here, in Castelldefels!"
170,B.dev.gold.bea19:001285,Arabic,All the household nearby the public road throws the dirty things easily and even don't bother about the order of the municipality.
171,B.dev.gold.bea19:000245,Malayalam,When I work anything I feel that I have the world in my hand so I can do anything for people.
172,B.dev.gold.bea19:001057,Malayalam,"They both knew that they love each other and they care about each other, but it was too much for him."
173,B.dev.gold.bea19:001173,Malayalam,We found a pharmacy and a restroom where we could get a rest and take a shower to clean ourselves.
174,B.dev.gold.bea19:001007,Malayalam,Nothing is impossible in life but not doubt it is not easy to find sincere friends.
175,B.dev.gold.bea19:000226,Unknown,I am keen on cinema thus I love to watch all types of fims.
176,B.dev.gold.bea19:001010,German,The more people you will meet the more easy it will become for you to find a friend.
177,B.dev.gold.bea19:000993,Arabic,I had a very great memories of these experiences and I would really like to live them again.
178,B.dev.gold.bea19:000712,German,In the concert time all people can enjoy but nobody think about how they are preparing to concert.
179,B.dev.gold.bea19:000101,Unknown,"If you tried all the activities, you would spend a great time here, in Castelldefels!"
180,B.dev.gold.bea19:000165,Malayalam,Peple should decide the background colour and thw artwork while they have to consider the security issues.
181,B.dev.gold.bea19:001148,German,My curiosity had put me into a big trouble.
182,B.dev.gold.bea19:000358,German,"Unsurprisingly, social consequences of Facebook and Twitter plays an important role in communication, regardless of distance or time."
183,B.dev.gold.bea19:000436,Unknown,"As far as I'm concerned, public transportation is the best transport media for environmental care."
184,B.dev.gold.bea19:000990,Malayalam,I've worked as social trainer and as educators since I was 16.
185,B.dev.gold.bea19:000645,Malayalam,"For a passenger, however, travelling is a complete relax."
186,B.dev.gold.bea19:000405,Unknown,What a lovely weather today!
187,B.dev.gold.bea19:000821,Unknown,"Firstly, we can discuss type of food we want to eat."
188,B.dev.gold.bea19:000232,Malayalam,It reveals that our feelings cross the boundaries of all cultures and we are connected to each other.
189,B.dev.gold.bea19:000062,German,He followed and apoligized her.
190,B.dev.gold.bea19:000062,Unknown,He followed and apoligized her.
191,B.dev.gold.bea19:000567,German,"From newspapers, magazines, even foreign medium, we can easily figure out that our environment is changing severely."
192,B.dev.gold.bea19:000358,Malayalam,"Unsurprisingly, social consequences of Facebook and Twitter plays an important role in communication, regardless of distance or time."
193,B.dev.gold.bea19:000032,Malayalam,I really like to explore nature during summer too.
194,B.dev.gold.bea19:001013,Arabic,The Guardian is a British daily newspaper which includes national and international news.
195,B.dev.gold.bea19:000733,Arabic,"Regarding advertisement, technology is having a huge, and not always possitive impact on outdoor advertisement."
196,B.dev.gold.bea19:001107,Unknown,"Is there any future to public transport, for travelling by car is much more convenient?"
197,B.dev.gold.bea19:000032,German,I really like to explore nature during summer too.
198,B.dev.gold.bea19:000745,Unknown,"If I had this house, I would decorat it in modern stayl."
199,B.dev.gold.bea19:000701,Malayalam,Swimming is my favourite sport.
200,B.dev.gold.bea19:000733,Unknown,"Regarding advertisement, technology is having a huge, and not always possitive impact on outdoor advertisement."
201,B.dev.gold.bea19:000433,German,It would definitely help you to grow and improve as a person.
202,B.dev.gold.bea19:000877,Arabic,So she took a deep breath and put her doll in the attic just like her childhood memories.
203,B.dev.gold.bea19:000374,German,Mostly Facebook users expect their friend to respond or pay attention on what they are doing.
204,B.dev.gold.bea19:001107,Arabic,"Is there any future to public transport, for travelling by car is much more convenient?"
205,B.dev.gold.bea19:000511,Malayalam,"Priority seats, are preserved to those who need, not only elders but also some adult need it."
206,B.dev.gold.bea19:000640,Unknown,"As more and more people choose to live in cities, nowadays our cities become larger and more crowded."
207,B.dev.gold.bea19:001165,Arabic,"That is a good quality of mine, I learn thing very fast and I also can get used to new thing."
208,B.dev.gold.bea19:000173,Arabic,"If the partially damaged sheets are bad, they will be treated as bad sheets, which will be securely distoryed."
209,B.dev.gold.bea19:001285,German,All the household nearby the public road throws the dirty things easily and even don't bother about the order of the municipality.
210,B.dev.gold.bea19:000856,Unknown,"Furthermore, books develops imagination of reader."
211,B.dev.gold.bea19:000433,Unknown,It would definitely help you to grow and improve as a person.
212,B.dev.gold.bea19:000877,Unknown,So she took a deep breath and put her doll in the attic just like her childhood memories.
213,B.dev.gold.bea19:000578,Arabic,"Everyone lives in despair, but can not find the entrance to brightness."
214,B.dev.gold.bea19:000705,Unknown,"Swimming has different types; dolphin, crawl, backstroke and breast stroke."
215,B.dev.gold.bea19:001007,Arabic,Nothing is impossible in life but not doubt it is not easy to find sincere friends.
216,B.dev.gold.bea19:000165,Unknown,Peple should decide the background colour and thw artwork while they have to consider the security issues.
217,B.dev.gold.bea19:000136,Malayalam,"Finally, learning another language gives the learner the ability to step inside the mind and context of that other culture."
218,B.dev.gold.bea19:001036,Arabic,"In conclusion, I want to say that that we should keep abreast of new technologies and try to make our lives easier"
219,B.dev.gold.bea19:000107,Malayalam,"Well, the airport is located just outside Reus, it's small but it has a lot of servicies and transport."
220,B.dev.gold.bea19:001285,Unknown,All the household nearby the public road throws the dirty things easily and even don't bother about the order of the municipality.
221,B.dev.gold.bea19:000254,Unknown,"Although I am a young girl, I think I am a quialified person for the post."
222,B.dev.gold.bea19:001148,Unknown,My curiosity had put me into a big trouble.
223,B.dev.gold.bea19:001038,Unknown,"This day was full of joy and happiness, but something went wrong after when she told him that she is pregnant."
224,B.dev.gold.bea19:000405,German,What a lovely weather today!
225,B.dev.gold.bea19:000967,German,We are living in a ever changing world.
226,B.dev.gold.bea19:001165,Unknown,"That is a good quality of mine, I learn thing very fast and I also can get used to new thing."
227,B.dev.gold.bea19:001148,Arabic,My curiosity had put me into a big trouble.
228,B.dev.gold.bea19:000990,Unknown,I've worked as social trainer and as educators since I was 16.
229,B.dev.gold.bea19:000136,German,"Finally, learning another language gives the learner the ability to step inside the mind and context of that other culture."
230,B.dev.gold.bea19:000486,Malayalam,Moreover navy wars were represented in order to celebrate Roman army.
231,B.dev.gold.bea19:000567,Arabic,"From newspapers, magazines, even foreign medium, we can easily figure out that our environment is changing severely."
232,B.dev.gold.bea19:000020,German,There are a lot of products which have to be announced and a lot of messages to report to people.
233,B.dev.gold.bea19:001214,Unknown,"That is very good idea, because that robbish undergo a recycling."
234,B.dev.gold.bea19:001285,Malayalam,All the household nearby the public road throws the dirty things easily and even don't bother about the order of the municipality.
235,B.dev.gold.bea19:000636,Arabic,"As we all know, the more public transport passengers use, the less car exhausts are emitted per person."
236,B.dev.gold.bea19:000640,Arabic,"As more and more people choose to live in cities, nowadays our cities become larger and more crowded."
237,B.dev.gold.bea19:000020,Malayalam,There are a lot of products which have to be announced and a lot of messages to report to people.
238,B.dev.gold.bea19:001038,Arabic,"This day was full of joy and happiness, but something went wrong after when she told him that she is pregnant."
239,B.dev.gold.bea19:000436,German,"As far as I'm concerned, public transportation is the best transport media for environmental care."
240,B.dev.gold.bea19:000712,Unknown,In the concert time all people can enjoy but nobody think about how they are preparing to concert.
