sentence_id,source_rank,original,recommended_category,gold_status,gold_correction,edit_count,error_types,token_count,source_file,block_number,original_tokenized,gold_tokenized,review_state,follow_up,classification_reason
B.dev.gold.bea19:000511,8,"Priority seats, are preserved to those who need, not only elders but also some adult need it.",clear_error,incorrect,"Priority seats are reserved for those who need them, not only elderly people but also some adults need them.",7,M:PRON;R:NOUN:NUM;R:OTHER;R:PREP;R:PRON;R:VERB;U:PUNCT,20,B.dev.gold.bea19.m2,511,"Priority seats , are preserved to those who need , not only elders but also some adult need it .","Priority seats are reserved for those who need them , not only elderly people but also some adults need them .",Reviewer disagreement,Both reviewers: check missing context,"Local grammar, spelling, or punctuation error with a clear intended repair."
B.dev.gold.bea19:001038,13,"This day was full of joy and happiness, but something went wrong after when she told him that she is pregnant.",clear_error,incorrect,"This day was full of joy and happiness, but something went wrong when she told him that she was pregnant.",2,R:VERB:TENSE;U:PREP,23,B.dev.gold.bea19.m2,1038,"This day was full of joy and happiness , but something went wrong after when she told him that she is pregnant .","This day was full of joy and happiness , but something went wrong when she told him that she was pregnant .",Reviewer agreement,Both reviewers: check missing context,"Local grammar, spelling, or punctuation error with a clear intended repair."
B.dev.gold.bea19:000405,14,What a lovely weather today!,clear_error,incorrect,What lovely weather today!,1,U:DET,6,B.dev.gold.bea19.m2,405,What a lovely weather today !,What lovely weather today !,Reviewer disagreement,Both reviewers: confirm category,"Local grammar, spelling, or punctuation error with a clear intended repair."
B.dev.gold.bea19:000709,18,I enjoyed helping at the concert which was in Antaya on October.,clear_error,incorrect,I enjoyed helping at the concert in Antaya in October.,2,R:PREP;U:OTHER,13,B.dev.gold.bea19.m2,709,I enjoyed helping at the concert which was in Antaya on October .,I enjoyed helping at the concert in Antaya in October .,Reviewer agreement,None,"Local grammar, spelling, or punctuation error with a clear intended repair."
B.dev.gold.bea19:001173,20,We found a pharmacy and a restroom where we could get a rest and take a shower to clean ourselves.,clear_error,incorrect,We found a pharmacy and a restroom where we could have a rest and take a shower to clean ourselves.,1,R:VERB,21,B.dev.gold.bea19.m2,1173,We found a pharmacy and a restroom where we could get a rest and take a shower to clean ourselves .,We found a pharmacy and a restroom where we could have a rest and take a shower to clean ourselves .,Reviewer agreement,None,"Local grammar, spelling, or punctuation error with a clear intended repair."
B.dev.gold.bea19:001148,21,My curiosity had put me into a big trouble.,clear_error,incorrect,My curiosity got me into big trouble.,3,R:VERB;U:DET;U:VERB:TENSE,10,B.dev.gold.bea19.m2,1148,My curiosity had put me into a big trouble .,My curiosity got me into big trouble .,Reviewer disagreement,Both reviewers: check missing context,"Local grammar, spelling, or punctuation error with a clear intended repair."
B.dev.gold.bea19:000567,24,"From newspapers, magazines, even foreign medium, we can easily figure out that our environment is changing severely.",clear_error,incorrect,"From newspapers, magazines, even foreign media, we can easily figure out that our environment is changing severely.",2,R:NOUN:NUM;UNK,21,B.dev.gold.bea19.m2,567,"From newspapers , magazines , even foreign medium , we can easily figure out that our environment is changing severely .","From newspapers , magazines , even foreign media , we can easily figure out that our environment is changing severely .",Reviewer agreement,None,"Local grammar, spelling, or punctuation error with a clear intended repair."
B.dev.gold.bea19:000436,27,"As far as I'm concerned, public transportation is the best transport media for environmental care.",clear_error,incorrect,"As far as I'm concerned, public transportation is the best means of transport for the environment.",2,R:OTHER,18,B.dev.gold.bea19.m2,436,"As far as I 'm concerned , public transportation is the best transport media for environmental care .","As far as I 'm concerned , public transportation is the best means of transport for the environment .",Reviewer disagreement,Both reviewers: confirm category,"Local grammar, spelling, or punctuation error with a clear intended repair."
B.dev.gold.bea19:001214,29,"That is very good idea, because that robbish undergo a recycling.",clear_error,incorrect,"That is a very good idea, because that rubbish undergoes recycling.",4,M:DET;R:SPELL;R:VERB:SVA;U:DET,13,B.dev.gold.bea19.m2,1214,"That is very good idea , because that robbish undergo a recycling .","That is a very good idea , because that rubbish undergoes recycling .",Reviewer disagreement,Both reviewers: check missing context,"Local grammar, spelling, or punctuation error with a clear intended repair."
B.dev.gold.bea19:000745,30,"If I had this house, I would decorat it in modern stayl.",clear_error,incorrect,"If I had this house, I would decorate it in a modern style.",3,M:DET;R:SPELL,14,B.dev.gold.bea19.m2,745,"If I had this house , I would decorat it in modern stayl .","If I had this house , I would decorate it in a modern style .",Reviewer disagreement,Both reviewers: confirm category,"Local grammar, spelling, or punctuation error with a clear intended repair."
B.dev.gold.bea19:000374,37,Mostly Facebook users expect their friend to respond or pay attention on what they are doing.,clear_error,incorrect,"Mostly, Facebook users expect their friends to respond or pay attention to what they are doing.",3,M:PUNCT;R:NOUN:NUM;R:PREP,17,B.dev.gold.bea19.m2,374,Mostly Facebook users expect their friend to respond or pay attention on what they are doing .,"Mostly , Facebook users expect their friends to respond or pay attention to what they are doing .",Reviewer disagreement,Both reviewers: check missing context,"Local grammar, spelling, or punctuation error with a clear intended repair."
B.dev.gold.bea19:000949,42,"However, they still being ordinary people, they make mistakes.",clear_error,incorrect,"However, they are still ordinary people, and they make mistakes.",2,M:CONJ;R:OTHER,12,B.dev.gold.bea19.m2,949,"However , they still being ordinary people , they make mistakes .","However , they are still ordinary people , and they make mistakes .",Reviewer disagreement,Both reviewers: check missing context,"Local grammar, spelling, or punctuation error with a clear intended repair."
B.dev.gold.bea19:001007,43,Nothing is impossible in life but not doubt it is not easy to find sincere friends.,clear_error,incorrect,"Nothing is impossible in life, but it is not easy to find sincere friends.",2,M:PUNCT;U:OTHER,17,B.dev.gold.bea19.m2,1007,Nothing is impossible in life but not doubt it is not easy to find sincere friends .,"Nothing is impossible in life , but it is not easy to find sincere friends .",Reviewer disagreement,Both reviewers: confirm category,"Local grammar, spelling, or punctuation error with a clear intended repair."
B.dev.gold.bea19:000254,44,"Although I am a young girl, I think I am a quialified person for the post.",clear_error,incorrect,"Although I am a young girl, I think I am a qualified person for the post.",1,R:SPELL,18,B.dev.gold.bea19.m2,254,"Although I am a young girl , I think I am a quialified person for the post .","Although I am a young girl , I think I am a qualified person for the post .",Reviewer agreement,Both reviewers: check missing context,"Local grammar, spelling, or punctuation error with a clear intended repair."
B.dev.gold.bea19:001285,46,All the household nearby the public road throws the dirty things easily and even don't bother about the order of the municipality.,clear_error,incorrect,All the households nearby the public road throw dirty things away easily and don't even bother about the order of the municipality.,7,M:ADV;R:MORPH;R:NOUN:NUM;R:WO;U:DET;UNK,24,B.dev.gold.bea19.m2,1285,All the household nearby the public road throws the dirty things easily and even do n't bother about the order of the municipality .,All the households nearby the public road throw dirty things away easily and do n't even bother about the order of the municipality .,Reviewer agreement,None,"Local grammar, spelling, or punctuation error with a clear intended repair."
B.dev.gold.bea19:000636,49,"As we all know, the more public transport passengers use, the less car exhausts are emitted per person.",clear_error,incorrect,"As we all know, the more passengers use public transport, the less car exhaust is emitted per person.",3,R:NOUN:NUM;R:VERB:SVA;R:WO,21,B.dev.gold.bea19.m2,636,"As we all know , the more public transport passengers use , the less car exhausts are emitted per person .","As we all know , the more passengers use public transport , the less car exhaust is emitted per person .",Reviewer disagreement,Both reviewers: check missing context,"Local grammar, spelling, or punctuation error with a clear intended repair."
B.dev.gold.bea19:000821,50,"Firstly, we can discuss type of food we want to eat.",clear_error,incorrect,"Firstly, we can discuss the type of food we want to eat.",1,M:DET,13,B.dev.gold.bea19.m2,821,"Firstly , we can discuss type of food we want to eat .","Firstly , we can discuss the type of food we want to eat .",Reviewer disagreement,Both reviewers: confirm category,"Local grammar, spelling, or punctuation error with a clear intended repair."
B.dev.gold.bea19:000640,53,"As more and more people choose to live in cities, nowadays our cities become larger and more crowded.",clear_error,incorrect,"As more and more people choose to live in cities, nowadays, our cities are becoming larger and more crowded.",2,M:PUNCT;R:VERB:TENSE,20,B.dev.gold.bea19.m2,640,"As more and more people choose to live in cities , nowadays our cities become larger and more crowded .","As more and more people choose to live in cities , nowadays , our cities are becoming larger and more crowded .",Reviewer agreement,Both reviewers: confirm category,"Local grammar, spelling, or punctuation error with a clear intended repair."
B.dev.gold.bea19:000101,56,"If you tried all the activities, you would spend a great time here, in Castelldefels!",clear_error,incorrect,"If you tried all the activities, you would have a great time here in Castelldefels!",2,R:VERB;U:PUNCT,18,B.dev.gold.bea19.m2,101,"If you tried all the activities , you would spend a great time here , in Castelldefels !","If you tried all the activities , you would have a great time here in Castelldefels !",Reviewer disagreement,Both reviewers: confirm category,"Local grammar, spelling, or punctuation error with a clear intended repair."
B.dev.gold.bea19:000690,61,What an unfoggetable day!,clear_error,incorrect,What an unforgettable day!,1,R:SPELL,5,B.dev.gold.bea19.m2,690,What an unfoggetable day !,What an unforgettable day !,Reviewer disagreement,Both reviewers: confirm category,"Local grammar, spelling, or punctuation error with a clear intended repair."
B.dev.gold.bea19:000149,70,"The delivery was wrong, so now I am a huge hurry because I need my mobile to work every day.",clear_error,incorrect,"The delivery was wrong, so now I am in a huge hurry because I need my mobile to work every day.",1,M:PREP,22,B.dev.gold.bea19.m2,149,"The delivery was wrong , so now I am a huge hurry because I need my mobile to work every day .","The delivery was wrong , so now I am in a huge hurry because I need my mobile to work every day .",Reviewer disagreement,Both reviewers: confirm category,"Local grammar, spelling, or punctuation error with a clear intended repair."
B.dev.gold.bea19:000733,73,"Regarding advertisement, technology is having a huge, and not always possitive impact on outdoor advertisement.",clear_error,incorrect,"Regarding advertising, technology is having a huge and not always positive impact on outdoor advertising.",4,R:MORPH;R:SPELL;U:PUNCT,18,B.dev.gold.bea19.m2,733,"Regarding advertisement , technology is having a huge , and not always possitive impact on outdoor advertisement .","Regarding advertising , technology is having a huge and not always positive impact on outdoor advertising .",Reviewer agreement,None,"Local grammar, spelling, or punctuation error with a clear intended repair."
B.dev.gold.bea19:000062,79,He followed and apoligized her.,clear_error,incorrect,He followed and apologized to her.,1,R:OTHER,6,B.dev.gold.bea19.m2,62,He followed and apoligized her .,He followed and apologized to her .,Reviewer agreement,None,"Local grammar, spelling, or punctuation error with a clear intended repair."
B.dev.gold.bea19:001010,86,The more people you will meet the more easy it will become for you to find a friend.,clear_error,incorrect,"The more people you meet, the easier it will become for you to find a friend.",3,M:PUNCT;R:ADJ:FORM;U:VERB:TENSE,19,B.dev.gold.bea19.m2,1010,The more people you will meet the more easy it will become for you to find a friend .,"The more people you meet , the easier it will become for you to find a friend .",One reviewer,Eldho: review this sentence,"Local grammar, spelling, or punctuation error with a clear intended repair."
B.dev.gold.bea19:000358,89,"Unsurprisingly, social consequences of Facebook and Twitter plays an important role in communication, regardless of distance or time.",clear_error,incorrect,"Unsurprisingly, the social consequences of Facebook and Twitter play an important role in communication, regardless of distance or time.",2,M:DET;R:VERB:SVA,21,B.dev.gold.bea19.m2,358,"Unsurprisingly , social consequences of Facebook and Twitter plays an important role in communication , regardless of distance or time .","Unsurprisingly , the social consequences of Facebook and Twitter play an important role in communication , regardless of distance or time .",One reviewer,Eldho: review this sentence,"Local grammar, spelling, or punctuation error with a clear intended repair."
B.dev.gold.bea19:001001,90,However there are brilliant games for children.,clear_error,incorrect,"However, there are brilliant games for children.",1,M:PUNCT,8,B.dev.gold.bea19.m2,1001,However there are brilliant games for children .,"However , there are brilliant games for children .",One reviewer,Eldho: review this sentence,"Local grammar, spelling, or punctuation error with a clear intended repair."
B.dev.gold.bea19:000856,93,"Furthermore, books develops imagination of reader.",clear_error,incorrect,"Furthermore, books develop the imagination of the reader.",3,M:DET;R:VERB:SVA,8,B.dev.gold.bea19.m2,856,"Furthermore , books develops imagination of reader .","Furthermore , books develop the imagination of the reader .",One reviewer,Eldho: review this sentence,"Local grammar, spelling, or punctuation error with a clear intended repair."
B.dev.gold.bea19:000967,102,We are living in a ever changing world.,clear_error,incorrect,We are living in an ever changing world.,1,R:DET,9,B.dev.gold.bea19.m2,967,We are living in a ever changing world .,We are living in an ever changing world .,One reviewer,Eldho: review this sentence,"Local grammar, spelling, or punctuation error with a clear intended repair."
B.dev.gold.bea19:000173,106,"If the partially damaged sheets are bad, they will be treated as bad sheets, which will be securely distoryed.",clear_error,incorrect,"If the partially damaged sheets are bad, they will be treated as bad sheets, which will be securely destroyed.",1,R:SPELL,22,B.dev.gold.bea19.m2,173,"If the partially damaged sheets are bad , they will be treated as bad sheets , which will be securely distoryed .","If the partially damaged sheets are bad , they will be treated as bad sheets , which will be securely destroyed .",One reviewer,Eldho: review this sentence,"Local grammar, spelling, or punctuation error with a clear intended repair."
B.dev.gold.bea19:000645,109,"For a passenger, however, travelling is a complete relax.",clear_error,incorrect,"For a passenger, however, travelling is completely relaxing.",3,R:MORPH;R:VERB:FORM;U:DET,12,B.dev.gold.bea19.m2,645,"For a passenger , however , travelling is a complete relax .","For a passenger , however , travelling is completely relaxing .",One reviewer,Eldho: review this sentence,"Local grammar, spelling, or punctuation error with a clear intended repair."
B.dev.gold.bea19:000619,116,"Cycling to school, to work or to do any other activity it is not a common habit in Spain.",clear_error,incorrect,"Cycling to school, to work or to do any other activity is not a common habit in Spain.",1,U:PRON,21,B.dev.gold.bea19.m2,619,"Cycling to school , to work or to do any other activity it is not a common habit in Spain .","Cycling to school , to work or to do any other activity is not a common habit in Spain .",One reviewer,Eldho: review this sentence,"Local grammar, spelling, or punctuation error with a clear intended repair."
B.dev.gold.bea19:000216,117,"Second, the teachers were really good skills to teach.",clear_error,incorrect,"Second, the teachers had really good teaching skills.",2,R:OTHER;R:VERB,11,B.dev.gold.bea19.m2,216,"Second , the teachers were really good skills to teach .","Second , the teachers had really good teaching skills .",One reviewer,Eldho: review this sentence,"Local grammar, spelling, or punctuation error with a clear intended repair."
B.dev.gold.bea19:000107,118,"Well, the airport is located just outside Reus, it's small but it has a lot of servicies and transport.",clear_error,incorrect,"Well, the airport is located just outside Reus. It's small but it has a lot of services and transport.",2,R:PUNCT;R:SPELL,23,B.dev.gold.bea19.m2,107,"Well , the airport is located just outside Reus , it 's small but it has a lot of servicies and transport .","Well , the airport is located just outside Reus . It 's small but it has a lot of services and transport .",One reviewer,Eldho: review this sentence,"Local grammar, spelling, or punctuation error with a clear intended repair."
B.dev.gold.bea19:000741,126,"But, technology is hre for best or worst, and we have to learn to deal with it the best we can.",clear_error,incorrect,"But, technology is here for better or worse, and we have to learn to deal with it the best we can.",3,R:ADJ:FORM;R:SPELL,24,B.dev.gold.bea19.m2,741,"But , technology is hre for best or worst , and we have to learn to deal with it the best we can .","But , technology is here for better or worse , and we have to learn to deal with it the best we can .",One reviewer,Eldho: review this sentence,"Local grammar, spelling, or punctuation error with a clear intended repair."
B.dev.gold.bea19:000990,131,I've worked as social trainer and as educators since I was 16.,clear_error,incorrect,I've worked as a social trainer and as an educator since I was 16.,3,M:DET;R:NOUN:NUM,14,B.dev.gold.bea19.m2,990,I 've worked as social trainer and as educators since I was 16 .,I 've worked as a social trainer and as an educator since I was 16 .,One reviewer,Eldho: review this sentence,"Local grammar, spelling, or punctuation error with a clear intended repair."
B.dev.gold.bea19:000165,138,Peple should decide the background colour and thw artwork while they have to consider the security issues.,clear_error,incorrect,People should decide the background colour and the artwork and they have to consider the security issues.,3,R:OTHER;R:SPELL,18,B.dev.gold.bea19.m2,165,Peple should decide the background colour and thw artwork while they have to consider the security issues .,People should decide the background colour and the artwork and they have to consider the security issues .,One reviewer,Eldho: review this sentence,"Local grammar, spelling, or punctuation error with a clear intended repair."
B.dev.gold.bea19:000226,139,I am keen on cinema thus I love to watch all types of fims.,clear_error,incorrect,I am keen on cinema and I love to watch all types of films.,2,R:OTHER;R:SPELL,15,B.dev.gold.bea19.m2,226,I am keen on cinema thus I love to watch all types of fims .,I am keen on cinema and I love to watch all types of films .,One reviewer,Eldho: review this sentence,"Local grammar, spelling, or punctuation error with a clear intended repair."
B.dev.gold.bea19:001165,142,"That is a good quality of mine, I learn thing very fast and I also can get used to new thing.",clear_error,incorrect,That is a good quality of mine; I learn things very fast and I can also get used to new things.,4,R:NOUN:NUM;R:PUNCT;R:WO,23,B.dev.gold.bea19.m2,1165,"That is a good quality of mine , I learn thing very fast and I also can get used to new thing .",That is a good quality of mine ; I learn things very fast and I can also get used to new things .,One reviewer,Eldho: review this sentence,"Local grammar, spelling, or punctuation error with a clear intended repair."
B.dev.gold.bea19:001036,145,"In conclusion, I want to say that that we should keep abreast of new technologies and try to make our lives easier",clear_error,incorrect,"In conclusion, I want to say that we should keep abreast of new technologies and try to make our lives easier.",2,M:PUNCT;U:PREP,23,B.dev.gold.bea19.m2,1036,"In conclusion , I want to say that that we should keep abreast of new technologies and try to make our lives easier","In conclusion , I want to say that we should keep abreast of new technologies and try to make our lives easier .",One reviewer,Eldho: review this sentence,"Local grammar, spelling, or punctuation error with a clear intended repair."
B.dev.gold.bea19:000993,146,I had a very great memories of these experiences and I would really like to live them again.,clear_error,incorrect,I have really great memories of these experiences and I would really like to relive them.,4,R:ADV;R:OTHER;R:VERB:TENSE;U:DET,19,B.dev.gold.bea19.m2,993,I had a very great memories of these experiences and I would really like to live them again .,I have really great memories of these experiences and I would really like to relive them .,One reviewer,Eldho: review this sentence,"Local grammar, spelling, or punctuation error with a clear intended repair."
B.dev.gold.bea19:000712,1,In the concert time all people can enjoy but nobody think about how they are preparing to concert.,ambiguous_error,incorrect,"During a concert everybody can enjoy themselves, but nobody thinks about how they prepare for a concert.",10,M:DET;M:PRON;M:PUNCT;R:DET;R:OTHER;R:PREP;R:VERB:SVA;R:VERB:TENSE;U:NOUN,19,B.dev.gold.bea19.m2,712,In the concert time all people can enjoy but nobody think about how they are preparing to concert .,"During a concert everybody can enjoy themselves , but nobody thinks about how they prepare for a concert .",Reviewer disagreement,Both reviewers: confirm two plausible corrections,The people preparing may be audience members or event organizers; these lead to different corrections.
B.dev.gold.bea19:000578,32,"Everyone lives in despair, but can not find the entrance to brightness.",ambiguous_error,incorrect,"Everyone will live in despair, but be unable to find the entrance to brightness.",2,R:OTHER;R:VERB:TENSE,14,B.dev.gold.bea19.m2,578,"Everyone lives in despair , but can not find the entrance to brightness .","Everyone will live in despair , but be unable to find the entrance to brightness .",Reviewer agreement,Both reviewers: confirm two plausible corrections,The despair may describe the present or predict the future; the metaphor for brightness also permits different repairs.
B.dev.gold.bea19:000245,52,When I work anything I feel that I have the world in my hand so I can do anything for people.,ambiguous_error,incorrect,"When I work, I feel that I have the world in my hand, so I can do anything for people.",2,M:PUNCT;R:OTHER,22,B.dev.gold.bea19.m2,245,When I work anything I feel that I have the world in my hand so I can do anything for people .,"When I work , I feel that I have the world in my hand , so I can do anything for people .",Reviewer disagreement,Both reviewers: confirm two plausible corrections,“Work anything” may mean working on any task or working whenever an opportunity arises.
B.dev.gold.bea19:000486,54,Moreover navy wars were represented in order to celebrate Roman army.,ambiguous_error,incorrect,"In addition, naval wars were represented in order to celebrate the Roman army.",3,M:DET;R:OTHER,12,B.dev.gold.bea19.m2,486,Moreover navy wars were represented in order to celebrate Roman army .,"In addition , naval wars were represented in order to celebrate the Roman army .",Reviewer disagreement,Both reviewers: confirm two plausible corrections,“Naval wars were represented” could mean battles were shown in art or reenacted as a celebration.
B.dev.gold.bea19:000877,57,So she took a deep breath and put her doll in the attic just like her childhood memories.,ambiguous_error,incorrect,"So she took a deep breath and put her doll in the attic, just like her childhood memories.",1,M:PUNCT,19,B.dev.gold.bea19.m2,877,So she took a deep breath and put her doll in the attic just like her childhood memories .,"So she took a deep breath and put her doll in the attic , just like her childhood memories .",Reviewer agreement,Both reviewers: confirm two plausible corrections,“Just like her childhood memories” could describe putting memories away or storing the doll alongside keepsakes.
B.dev.gold.bea19:000705,99,"Swimming has different types; dolphin, crawl, backstroke and breast stroke.",ambiguous_error,incorrect,"Swimming has different styles; dolphin, crawl, backstroke and breast stroke.",1,R:NOUN,14,B.dev.gold.bea19.m2,705,"Swimming has different types ; dolphin , crawl , backstroke and breast stroke .","Swimming has different styles ; dolphin , crawl , backstroke and breast stroke .",One reviewer,Both reviewers: confirm two plausible corrections,"The list may name swimming strokes, styles, or specific motions; “dolphin” may refer to a kick or stroke."
B.dev.gold.bea19:001057,105,"They both knew that they love each other and they care about each other, but it was too much for him.",ambiguous_error,incorrect,"They both knew that they loved each other and they cared about each other, but it was too much for him.",2,R:VERB:TENSE,23,B.dev.gold.bea19.m2,1057,"They both knew that they love each other and they care about each other , but it was too much for him .","They both knew that they loved each other and they cared about each other , but it was too much for him .",One reviewer,Both reviewers: confirm two plausible corrections,"The love may still hold (present tense) or be confined to the past (backshift), so both tense choices are plausible."
B.dev.gold.bea19:000020,121,There are a lot of products which have to be announced and a lot of messages to report to people.,ambiguous_error,incorrect,There are a lot of products which have to be advertised and a lot of messages to report to people.,1,R:VERB,21,B.dev.gold.bea19.m2,20,There are a lot of products which have to be announced and a lot of messages to report to people .,There are a lot of products which have to be advertised and a lot of messages to report to people .,One reviewer,Both reviewers: confirm two plausible corrections,The products may need to be advertised to customers or announced as new products.
B.dev.gold.bea19:001107,123,"Is there any future to public transport, for travelling by car is much more convenient?",ambiguous_error,incorrect,Is there no future for public transport because travelling by car is much more convenient?,4,R:DET;R:PREP;U:PUNCT,17,B.dev.gold.bea19.m2,1107,"Is there any future to public transport , for travelling by car is much more convenient ?",Is there no future for public transport because travelling by car is much more convenient ?,One reviewer,Both reviewers: confirm two plausible corrections,The question may ask neutrally whether public transport has a future or imply that it has no future.
B.dev.gold.bea19:000948,134,Famous people are obligated to provide their life in exemplary way.,ambiguous_error,incorrect,Famous people are obligated to live their lives in an exemplary way.,3,M:DET;R:NOUN:NUM;R:VERB,12,B.dev.gold.bea19.m2,948,Famous people are obligated to provide their life in exemplary way .,Famous people are obligated to live their lives in an exemplary way .,One reviewer,Both reviewers: confirm two plausible corrections,“Provide their life” may mean lead exemplary lives or present their personal lives as examples.
B.dev.gold.bea19:000187,12,We want a happy Earth.,correct,correct,We want a happy Earth.,0,,6,B.dev.gold.bea19.m2,187,We want a happy Earth .,We want a happy Earth .,Reviewer agreement,None,No gold edit; appropriate as a correct-sentence control.
B.dev.gold.bea19:000701,17,Swimming is my favourite sport.,correct,correct,Swimming is my favourite sport.,0,,6,B.dev.gold.bea19.m2,701,Swimming is my favourite sport .,Swimming is my favourite sport .,Reviewer agreement,None,No gold edit; appropriate as a correct-sentence control.
B.dev.gold.bea19:001271,31,Who would have even bothered to pay me a visit during this bloody awful weather?,correct,correct,Who would have even bothered to pay me a visit during this bloody awful weather?,0,,16,B.dev.gold.bea19.m2,1271,Who would have even bothered to pay me a visit during this bloody awful weather ?,Who would have even bothered to pay me a visit during this bloody awful weather ?,Reviewer agreement,None,No gold edit; appropriate as a correct-sentence control.
B.dev.gold.bea19:000517,68,Television is an important part of modern culture.,correct,correct,Television is an important part of modern culture.,0,,9,B.dev.gold.bea19.m2,517,Television is an important part of modern culture .,Television is an important part of modern culture .,Reviewer agreement,None,No gold edit; appropriate as a correct-sentence control.
B.dev.gold.bea19:000232,83,It reveals that our feelings cross the boundaries of all cultures and we are connected to each other.,correct,correct,It reveals that our feelings cross the boundaries of all cultures and we are connected to each other.,0,,19,B.dev.gold.bea19.m2,232,It reveals that our feelings cross the boundaries of all cultures and we are connected to each other .,It reveals that our feelings cross the boundaries of all cultures and we are connected to each other .,One reviewer,Eldho: review this sentence,No gold edit; appropriate as a correct-sentence control.
B.dev.gold.bea19:000032,88,I really like to explore nature during summer too.,correct,correct,I really like to explore nature during summer too.,0,,10,B.dev.gold.bea19.m2,32,I really like to explore nature during summer too .,I really like to explore nature during summer too .,One reviewer,Eldho: review this sentence,No gold edit; appropriate as a correct-sentence control.
B.dev.gold.bea19:000433,95,It would definitely help you to grow and improve as a person.,correct,correct,It would definitely help you to grow and improve as a person.,0,,13,B.dev.gold.bea19.m2,433,It would definitely help you to grow and improve as a person .,It would definitely help you to grow and improve as a person .,One reviewer,Eldho: review this sentence,No gold edit; appropriate as a correct-sentence control.
B.dev.gold.bea19:001013,104,The Guardian is a British daily newspaper which includes national and international news.,correct,correct,The Guardian is a British daily newspaper which includes national and international news.,0,,14,B.dev.gold.bea19.m2,1013,The Guardian is a British daily newspaper which includes national and international news .,The Guardian is a British daily newspaper which includes national and international news .,One reviewer,Eldho: review this sentence,No gold edit; appropriate as a correct-sentence control.
B.dev.gold.bea19:000063,136,He said he was drunk and didn't know what he was saying.,correct,correct,He said he was drunk and didn't know what he was saying.,0,,14,B.dev.gold.bea19.m2,63,He said he was drunk and did n't know what he was saying .,He said he was drunk and did n't know what he was saying .,One reviewer,Eldho: review this sentence,No gold edit; appropriate as a correct-sentence control.
B.dev.gold.bea19:000136,140,"Finally, learning another language gives the learner the ability to step inside the mind and context of that other culture.",correct,correct,"Finally, learning another language gives the learner the ability to step inside the mind and context of that other culture.",0,,22,B.dev.gold.bea19.m2,136,"Finally , learning another language gives the learner the ability to step inside the mind and context of that other culture .","Finally , learning another language gives the learner the ability to step inside the mind and context of that other culture .",One reviewer,Eldho: review this sentence,No gold edit; appropriate as a correct-sentence control.
